Date, Open, High, Low, Close
10/06/26, 0.7012, 0.7039, 0.6999, 0.7038
10/05/26, 0.7017, 0.7030, 0.6995, 0.7012
10/02/26, 0.7030, 0.7041, 0.7011, 0.7018
10/01/26, 0.7025, 0.7036, 0.7010, 0.7031
09/30/26, 0.7047, 0.7065, 0.7023, 0.7025
09/29/26, 0.7054, 0.7059, 0.7040, 0.7046
09/28/26, 0.7071, 0.7075, 0.7052, 0.7054
09/25/26, 0.7073, 0.7089, 0.7058, 0.7071
09/24/26, 0.7091, 0.7097, 0.7066, 0.7073
09/23/26, 0.7109, 0.7114, 0.7086, 0.7090
09/22/26, 0.7124, 0.7133, 0.7099, 0.7109
09/21/26, 0.7146, 0.7152, 0.7122, 0.7125
09/18/26, 0.7146, 0.7156, 0.7134, 0.7150
09/17/26, 0.7148, 0.7157, 0.7141, 0.7148
09/16/26, 0.7183, 0.7187, 0.7144, 0.7149
09/15/26, 0.7192, 0.7196, 0.7178, 0.7183
09/14/26, 0.7207, 0.7213, 0.7178, 0.7193
09/11/26, 0.7228, 0.7232, 0.7201, 0.7210
09/10/26, 0.7244, 0.7248, 0.7224, 0.7229
09/09/26, 0.7255, 0.7265, 0.7235, 0.7243
09/08/26, 0.7239, 0.7268, 0.7234, 0.7254
09/07/26, 0.7225, 0.7244, 0.7223, 0.7238
09/04/26, 0.7249, 0.7255, 0.7207, 0.7227
09/03/26, 0.7224, 0.7265, 0.7219, 0.7248
09/02/26, 0.7195, 0.7228, 0.7172, 0.7223
09/01/26, 0.7217, 0.7223, 0.7189, 0.7196
08/31/26, 0.7190, 0.7219, 0.7186, 0.7218
08/28/26, 0.7218, 0.7224, 0.7188, 0.7192
08/27/26, 0.7206, 0.7219, 0.7198, 0.7218
08/26/26, 0.7225, 0.7229, 0.7197, 0.7206
08/25/26, 0.7222, 0.7233, 0.7210, 0.7224
08/24/26, 0.7250, 0.7262, 0.7214, 0.7223
08/21/26, 0.7251, 0.7283, 0.7250, 0.7265
08/20/26, 0.7241, 0.7270, 0.7238, 0.7252
08/19/26, 0.7196, 0.7245, 0.7189, 0.7241
08/18/26, 0.7206, 0.7215, 0.7187, 0.7195
08/17/26, 0.7207, 0.7223, 0.7203, 0.7207
08/14/26, 0.7177, 0.7213, 0.7173, 0.7207
08/13/26, 0.7173, 0.7180, 0.7163, 0.7178
08/12/26, 0.7182, 0.7190, 0.7168, 0.7172
08/11/26, 0.7173, 0.7187, 0.7169, 0.7180
08/10/26, 0.7165, 0.7181, 0.7159, 0.7172
08/07/26, 0.7136, 0.7181, 0.7127, 0.7173
08/06/26, 0.7137, 0.7148, 0.7123, 0.7136
08/05/26, 0.7111, 0.7141, 0.7101, 0.7136
08/04/26, 0.7119, 0.7126, 0.7101, 0.7112
08/03/26, 0.7132, 0.7145, 0.7114, 0.7118
07/31/26, 0.7137, 0.7141, 0.7112, 0.7131
07/30/26, 0.7118, 0.7148, 0.7107, 0.7136
07/29/26, 0.7087, 0.7131, 0.7086, 0.7119
07/28/26, 0.7080, 0.7099, 0.7076, 0.7088
07/27/26, 0.7090, 0.7107, 0.7077, 0.7080
07/24/26, 0.7100, 0.7109, 0.7083, 0.7095
07/23/26, 0.7098, 0.7114, 0.7091, 0.7099
07/22/26, 0.7088, 0.7104, 0.7085, 0.7099
07/21/26, 0.7107, 0.7115, 0.7085, 0.7088
07/20/26, 0.7132, 0.7141, 0.7105, 0.7108
07/17/26, 0.7120, 0.7140, 0.7112, 0.7132
07/16/26, 0.7121, 0.7138, 0.7112, 0.7120
07/15/26, 0.7111, 0.7131, 0.7095, 0.7122
07/14/26, 0.7064, 0.7119, 0.7062, 0.7112
07/13/26, 0.7063, 0.7080, 0.7054, 0.7063
07/10/26, 0.7057, 0.7084, 0.7048, 0.7065
07/09/26, 0.7055, 0.7067, 0.7046, 0.7058
07/08/26, 0.7041, 0.7065, 0.7030, 0.7056
07/07/26, 0.7039, 0.7051, 0.7028, 0.7041
07/06/26, 0.7042, 0.7047, 0.7022, 0.7039
07/03/26, 0.7050, 0.7063, 0.7036, 0.7043
07/02/26, 0.7034, 0.7067, 0.7024, 0.7050
07/01/26, 0.7043, 0.7048, 0.7024, 0.7033
06/30/26, 0.7037, 0.7053, 0.7018, 0.7044
06/29/26, 0.7045, 0.7055, 0.7032, 0.7036
06/26/26, 0.7042, 0.7058, 0.7036, 0.7044
06/25/26, 0.7025, 0.7054, 0.7017, 0.7041
06/24/26, 0.7037, 0.7051, 0.7017, 0.7026
06/23/26, 0.7062, 0.7067, 0.7033, 0.7036
06/22/26, 0.7058, 0.7070, 0.7044, 0.7061
06/19/26, 0.7073, 0.7091, 0.7049, 0.7065
06/18/26, 0.7091, 0.7095, 0.7067, 0.7072
06/17/26, 0.7146, 0.7155, 0.7079, 0.7092
06/16/26, 0.7146, 0.7153, 0.7132, 0.7145
06/15/26, 0.7144, 0.7168, 0.7144, 0.7147
06/12/26, 0.7160, 0.7172, 0.7144, 0.7148
06/11/26, 0.7172, 0.7178, 0.7129, 0.7159
06/10/26, 0.7168, 0.7195, 0.7163, 0.7171
06/09/26, 0.7167, 0.7185, 0.7157, 0.7169
06/08/26, 0.7176, 0.7181, 0.7162, 0.7165
06/05/26, 0.7190, 0.7211, 0.7167, 0.7174
06/04/26, 0.7195, 0.7205, 0.7180, 0.7189
06/03/26, 0.7225, 0.7237, 0.7193, 0.7195
06/02/26, 0.7224, 0.7238, 0.7217, 0.7226
06/01/26, 0.7247, 0.7252, 0.7219, 0.7224
05/29/26, 0.7255, 0.7266, 0.7229, 0.7248
05/28/26, 0.7225, 0.7260, 0.7209, 0.7254
05/27/26, 0.7240, 0.7245, 0.7218, 0.7225
05/26/26, 0.7244, 0.7252, 0.7234, 0.7240
05/25/26, 0.7242, 0.7249, 0.7234, 0.7245
05/22/26, 0.7258, 0.7262, 0.7232, 0.7235
05/21/26, 0.7276, 0.7301, 0.7245, 0.7257
05/20/26, 0.7276, 0.7282, 0.7256, 0.7276
05/19/26, 0.7278, 0.7280, 0.7259, 0.7275
05/18/26, 0.7273, 0.7282, 0.7264, 0.7278
05/15/26, 0.7289, 0.7292, 0.7262, 0.7271
05/14/26, 0.7295, 0.7299, 0.7278, 0.7289
05/13/26, 0.7301, 0.7308, 0.7288, 0.7295
05/12/26, 0.7311, 0.7315, 0.7285, 0.7300
05/11/26, 0.7309, 0.7328, 0.7301, 0.7310
05/08/26, 0.7317, 0.7330, 0.7293, 0.7311
05/07/26, 0.7335, 0.7342, 0.7316, 0.7317
05/06/26, 0.7343, 0.7365, 0.7329, 0.7334
05/05/26, 0.7339, 0.7351, 0.7335, 0.7342
05/04/26, 0.7358, 0.7365, 0.7338, 0.7339
05/01/26, 0.7363, 0.7380, 0.7355, 0.7358
04/30/26, 0.7307, 0.7364, 0.7302, 0.7363
04/29/26, 0.7308, 0.7317, 0.7292, 0.7306
04/28/26, 0.7339, 0.7347, 0.7302, 0.7309
04/27/26, 0.7309, 0.7355, 0.7307, 0.7337
04/24/26, 0.7298, 0.7319, 0.7290, 0.7315
04/23/26, 0.7313, 0.7321, 0.7290, 0.7298
04/22/26, 0.7319, 0.7330, 0.7311, 0.7314
04/21/26, 0.7328, 0.7336, 0.7311, 0.7319
04/20/26, 0.7304, 0.7335, 0.7286, 0.7328
04/17/26, 0.7297, 0.7327, 0.7293, 0.7303
04/16/26, 0.7277, 0.7302, 0.7276, 0.7296
04/15/26, 0.7264, 0.7286, 0.7251, 0.7276
04/14/26, 0.7250, 0.7283, 0.7246, 0.7263
04/13/26, 0.7215, 0.7254, 0.7205, 0.7249
04/10/26, 0.7237, 0.7247, 0.7222, 0.7225
04/09/26, 0.7222, 0.7244, 0.7214, 0.7238
04/08/26, 0.7202, 0.7234, 0.7193, 0.7222
04/07/26, 0.7187, 0.7202, 0.7177, 0.7201
04/06/26, 0.7169, 0.7193, 0.7168, 0.7188
04/03/26, 0.7184, 0.7195, 0.7162, 0.7170
04/02/26, 0.7207, 0.7210, 0.7176, 0.7183
04/01/26, 0.7187, 0.7209, 0.7183, 0.7207
03/31/26, 0.7182, 0.7192, 0.7159, 0.7186
03/30/26, 0.7194, 0.7211, 0.7170, 0.7181
03/27/26, 0.7213, 0.7223, 0.7194, 0.7197
03/26/26, 0.7241, 0.7245, 0.7211, 0.7215
03/25/26, 0.7266, 0.7273, 0.7235, 0.7240
03/24/26, 0.7285, 0.7292, 0.7253, 0.7266
03/23/26, 0.7281, 0.7315, 0.7269, 0.7288
03/20/26, 0.7277, 0.7300, 0.7273, 0.7286
03/19/26, 0.7282, 0.7297, 0.7272, 0.7278
03/18/26, 0.7303, 0.7307, 0.7278, 0.7283
03/17/26, 0.7306, 0.7310, 0.7286, 0.7304
03/16/26, 0.7287, 0.7324, 0.7282, 0.7306
03/13/26, 0.7330, 0.7342, 0.7276, 0.7289
03/12/26, 0.7357, 0.7366, 0.7329, 0.7330
03/11/26, 0.7363, 0.7378, 0.7349, 0.7356
03/10/26, 0.7359, 0.7385, 0.7351, 0.7364
03/09/26, 0.7360, 0.7393, 0.7348, 0.7359
03/06/26, 0.7313, 0.7373, 0.7307, 0.7370
03/05/26, 0.7329, 0.7345, 0.7289, 0.7313
03/04/26, 0.7310, 0.7338, 0.7298, 0.7329
03/03/26, 0.7312, 0.7324, 0.7270, 0.7310
03/02/26, 0.7327, 0.7335, 0.7288, 0.7313
02/27/26, 0.7309, 0.7340, 0.7305, 0.7329
02/26/26, 0.7313, 0.7321, 0.7292, 0.7309
02/25/26, 0.7300, 0.7314, 0.7294, 0.7312
02/24/26, 0.7301, 0.7304, 0.7285, 0.7299
02/23/26, 0.7310, 0.7327, 0.7296, 0.7300
02/20/26, 0.7309, 0.7316, 0.7293, 0.7309
02/19/26, 0.7301, 0.7316, 0.7290, 0.7310
02/18/26, 0.7334, 0.7336, 0.7298, 0.7301
02/17/26, 0.7333, 0.7337, 0.7302, 0.7333
02/16/26, 0.7343, 0.7359, 0.7330, 0.7333
02/13/26, 0.7349, 0.7357, 0.7331, 0.7343
02/12/26, 0.7365, 0.7377, 0.7333, 0.7347
02/11/26, 0.7379, 0.7406, 0.7342, 0.7365
02/10/26, 0.7376, 0.7395, 0.7365, 0.7379
02/09/26, 0.7306, 0.7379, 0.7306, 0.7376
02/06/26, 0.7293, 0.7339, 0.7285, 0.7311
02/05/26, 0.7318, 0.7325, 0.7292, 0.7293
02/04/26, 0.7330, 0.7338, 0.7306, 0.7318
02/03/26, 0.7309, 0.7335, 0.7305, 0.7330
02/02/26, 0.7339, 0.7351, 0.7297, 0.7309
01/30/26, 0.7413, 0.7417, 0.7339, 0.7343
01/29/26, 0.7376, 0.7416, 0.7364, 0.7412
01/28/26, 0.7366, 0.7388, 0.7343, 0.7375
01/27/26, 0.7294, 0.7375, 0.7277, 0.7367
01/26/26, 0.7300, 0.7315, 0.7287, 0.7294
01/23/26, 0.7254, 0.7303, 0.7245, 0.7300
01/22/26, 0.7229, 0.7256, 0.7222, 0.7253
01/21/26, 0.7227, 0.7254, 0.7223, 0.7229
01/20/26, 0.7227, 0.7227, 0.7227, 0.7227
01/19/26, 0.7185, 0.7216, 0.7184, 0.7209
01/16/26, 0.7198, 0.7202, 0.7178, 0.7186
01/15/26, 0.7203, 0.7206, 0.7183, 0.7198
01/14/26, 0.7198, 0.7212, 0.7194, 0.7204
01/13/26, 0.7204, 0.7217, 0.7194, 0.7199
01/12/26, 0.7186, 0.7211, 0.7184, 0.7205
01/09/26, 0.7212, 0.7215, 0.7182, 0.7187
01/08/26, 0.7214, 0.7220, 0.7199, 0.7212
01/07/26, 0.7238, 0.7252, 0.7213, 0.7213
01/06/26, 0.7260, 0.7272, 0.7236, 0.7238
01/05/26, 0.7275, 0.7281, 0.7237, 0.7261
01/02/26, 0.7289, 0.7299, 0.7272, 0.7282
01/01/26, 0.7286, 0.7292, 0.7284, 0.7289
12/31/25, 0.7301, 0.7306, 0.7283, 0.7287
12/30/25, 0.7304, 0.7311, 0.7293, 0.7301
12/29/25, 0.7304, 0.7304, 0.7304, 0.7304
12/26/25, 0.7300, 0.7330, 0.7297, 0.7313
12/25/25, 0.7313, 0.7319, 0.7298, 0.7300
12/24/25, 0.7305, 0.7319, 0.7301, 0.7311
12/23/25, 0.7275, 0.7307, 0.7268, 0.7306
12/22/25, 0.7248, 0.7281, 0.7242, 0.7274
12/19/25, 0.7258, 0.7270, 0.7242, 0.7245
12/18/25, 0.7253, 0.7269, 0.7247, 0.7257
12/17/25, 0.7270, 0.7272, 0.7246, 0.7253
12/16/25, 0.7263, 0.7283, 0.7255, 0.7270
12/15/25, 0.7261, 0.7274, 0.7251, 0.7262
12/12/25, 0.7262, 0.7271, 0.7248, 0.7261
12/11/25, 0.7250, 0.7269, 0.7233, 0.7261
12/10/25, 0.7222, 0.7255, 0.7208, 0.7249
12/09/25, 0.7216, 0.7234, 0.7213, 0.7221
12/08/25, 0.7229, 0.7247, 0.7214, 0.7216
12/05/25, 0.7164, 0.7238, 0.7161, 0.7237
12/04/25, 0.7168, 0.7181, 0.7153, 0.7164
12/03/25, 0.7159, 0.7175, 0.7154, 0.7168
12/02/25, 0.7143, 0.7160, 0.7134, 0.7159
12/01/25, 0.7152, 0.7166, 0.7141, 0.7143
11/28/25, 0.7127, 0.7175, 0.7116, 0.7154
11/27/25, 0.7121, 0.7129, 0.7116, 0.7128
11/26/25, 0.7093, 0.7126, 0.7088, 0.7121
11/25/25, 0.7088, 0.7098, 0.7078, 0.7092
11/24/25, 0.7090, 0.7097, 0.7081, 0.7089
11/21/25, 0.7093, 0.7102, 0.7075, 0.7091
11/20/25, 0.7117, 0.7123, 0.7087, 0.7093
11/19/25, 0.7147, 0.7151, 0.7109, 0.7117
11/18/25, 0.7115, 0.7158, 0.7110, 0.7148
11/17/25, 0.7131, 0.7135, 0.7112, 0.7115
11/14/25, 0.7124, 0.7136, 0.7118, 0.7131
11/13/25, 0.7139, 0.7150, 0.7122, 0.7125
11/12/25, 0.7133, 0.7148, 0.7130, 0.7139
11/11/25, 0.7131, 0.7142, 0.7121, 0.7133
11/10/25, 0.7115, 0.7143, 0.7108, 0.7132
11/07/25, 0.7083, 0.7129, 0.7078, 0.7121
11/06/25, 0.7088, 0.7097, 0.7071, 0.7083
11/05/25, 0.7090, 0.7094, 0.7071, 0.7087
11/04/25, 0.7114, 0.7116, 0.7087, 0.7090
11/03/25, 0.7135, 0.7139, 0.7104, 0.7114
10/31/25, 0.7150, 0.7154, 0.7124, 0.7138
10/30/25, 0.7172, 0.7180, 0.7134, 0.7149
10/29/25, 0.7170, 0.7200, 0.7165, 0.7172
10/28/25, 0.7148, 0.7177, 0.7139, 0.7171
10/27/25, 0.7141, 0.7158, 0.7135, 0.7148
10/24/25, 0.7147, 0.7157, 0.7122, 0.7145
10/23/25, 0.7145, 0.7153, 0.7139, 0.7146
10/22/25, 0.7130, 0.7155, 0.7126, 0.7144
10/21/25, 0.7124, 0.7141, 0.7108, 0.7131
10/20/25, 0.7130, 0.7140, 0.7116, 0.7124
10/17/25, 0.7115, 0.7139, 0.7108, 0.7132
10/16/25, 0.7121, 0.7131, 0.7111, 0.7114
10/15/25, 0.7119, 0.7129, 0.7111, 0.7120
10/14/25, 0.7125, 0.7128, 0.7101, 0.7119
10/13/25, 0.7140, 0.7152, 0.7122, 0.7123
10/10/25, 0.7132, 0.7155, 0.7125, 0.7139
10/09/25, 0.7166, 0.7177, 0.7125, 0.7132
10/08/25, 0.7168, 0.7178, 0.7157, 0.7167
10/07/25, 0.7172, 0.7174, 0.7161, 0.7168
10/06/25, 0.7159, 0.7174, 0.7158, 0.7172
10/03/25, 0.7159, 0.7173, 0.7157, 0.7168
10/02/25, 0.7175, 0.7177, 0.7149, 0.7159
10/01/25, 0.7183, 0.7190, 0.7164, 0.7176
09/30/25, 0.7185, 0.7196, 0.7175, 0.7183
09/29/25, 0.7171, 0.7192, 0.7171, 0.7186
09/26/25, 0.7174, 0.7187, 0.7163, 0.7187
09/25/25, 0.7196, 0.7202, 0.7168, 0.7173
09/24/25, 0.7228, 0.7229, 0.7189, 0.7197
09/23/25, 0.7236, 0.7240, 0.7219, 0.7227
09/22/25, 0.7257, 0.7258, 0.7228, 0.7237
09/19/25, 0.7248, 0.7263, 0.7232, 0.7256
09/18/25, 0.7260, 0.7265, 0.7240, 0.7247
09/17/25, 0.7278, 0.7284, 0.7252, 0.7259
09/16/25, 0.7257, 0.7288, 0.7255, 0.7278
09/15/25, 0.7218, 0.7264, 0.7215, 0.7257
09/12/25, 0.7229, 0.7230, 0.7212, 0.7223
09/11/25, 0.7212, 0.7233, 0.7199, 0.7229
09/10/25, 0.7223, 0.7230, 0.7209, 0.7213
09/09/25, 0.7245, 0.7250, 0.7215, 0.7224
09/08/25, 0.7227, 0.7252, 0.7222, 0.7245
09/05/25, 0.7238, 0.7268, 0.7217, 0.7231
09/04/25, 0.7249, 0.7251, 0.7222, 0.7237
09/03/25, 0.7257, 0.7258, 0.7241, 0.7250
09/02/25, 0.7272, 0.7275, 0.7238, 0.7255
09/01/25, 0.7272, 0.7281, 0.7266, 0.7272
08/29/25, 0.7274, 0.7286, 0.7256, 0.7276
08/28/25, 0.7274, 0.7274, 0.7274, 0.7274
08/27/25, 0.7227, 0.7256, 0.7216, 0.7250
08/26/25, 0.7215, 0.7235, 0.7211, 0.7225
08/25/25, 0.7227, 0.7238, 0.7212, 0.7215
08/22/25, 0.7188, 0.7238, 0.7180, 0.7231
08/21/25, 0.7206, 0.7210, 0.7187, 0.7188
08/20/25, 0.7211, 0.7218, 0.7202, 0.7209
08/19/25, 0.7244, 0.7248, 0.7209, 0.7210
08/18/25, 0.7235, 0.7255, 0.7229, 0.7245
08/15/25, 0.7238, 0.7253, 0.7235, 0.7236
08/14/25, 0.7267, 0.7276, 0.7235, 0.7237
08/13/25, 0.7261, 0.7272, 0.7255, 0.7267
08/12/25, 0.7257, 0.7270, 0.7242, 0.7259
08/11/25, 0.7270, 0.7276, 0.7248, 0.7257
08/08/25, 0.7275, 0.7286, 0.7265, 0.7268
08/07/25, 0.7276, 0.7288, 0.7259, 0.7275
08/06/25, 0.7259, 0.7280, 0.7256, 0.7277
08/05/25, 0.7257, 0.7266, 0.7240, 0.7260
08/04/25, 0.7258, 0.7268, 0.7248, 0.7258
08/01/25, 0.7218, 0.7266, 0.7204, 0.7253
07/31/25, 0.7231, 0.7239, 0.7215, 0.7217
07/30/25, 0.7263, 0.7267, 0.7222, 0.7230
07/29/25, 0.7278, 0.7283, 0.7252, 0.7261
07/28/25, 0.7302, 0.7324, 0.7276, 0.7278
07/25/25, 0.7331, 0.7333, 0.7286, 0.7298
07/24/25, 0.7355, 0.7356, 0.7322, 0.7332
07/23/25, 0.7350, 0.7367, 0.7336, 0.7354
07/22/25, 0.7308, 0.7351, 0.7301, 0.7350
07/21/25, 0.7289, 0.7311, 0.7280, 0.7309
07/18/25, 0.7271, 0.7301, 0.7268, 0.7285
07/17/25, 0.7308, 0.7309, 0.7259, 0.7271
07/16/25, 0.7284, 0.7310, 0.7269, 0.7309
07/15/25, 0.7299, 0.7314, 0.7283, 0.7288
07/14/25, 0.7299, 0.7316, 0.7293, 0.7297
07/11/25, 0.7323, 0.7325, 0.7282, 0.7305
07/10/25, 0.7307, 0.7324, 0.7294, 0.7324
07/09/25, 0.7319, 0.7321, 0.7293, 0.7307
07/08/25, 0.7309, 0.7332, 0.7301, 0.7321
07/07/25, 0.7346, 0.7358, 0.7306, 0.7308
07/04/25, 0.7362, 0.7372, 0.7343, 0.7351
07/03/25, 0.7359, 0.7376, 0.7339, 0.7363
07/02/25, 0.7359, 0.7359, 0.7359, 0.7359
07/01/25, 0.7349, 0.7358, 0.7316, 0.7328
06/30/25, 0.7309, 0.7353, 0.7298, 0.7348
06/27/25, 0.7329, 0.7338, 0.7268, 0.7309
06/26/25, 0.7286, 0.7343, 0.7283, 0.7331
06/25/25, 0.7288, 0.7300, 0.7269, 0.7285
06/24/25, 0.7281, 0.7310, 0.7278, 0.7286
06/23/25, 0.7282, 0.7286, 0.7246, 0.7281
06/20/25, 0.7297, 0.7306, 0.7272, 0.7281
06/19/25, 0.7304, 0.7307, 0.7274, 0.7299
06/18/25, 0.7320, 0.7335, 0.7297, 0.7302
06/17/25, 0.7368, 0.7377, 0.7302, 0.7310
06/16/25, 0.7353, 0.7386, 0.7348, 0.7368
06/13/25, 0.7351, 0.7371, 0.7324, 0.7363
06/12/25, 0.7314, 0.7353, 0.7311, 0.7351
06/11/25, 0.7314, 0.7326, 0.7304, 0.7314
06/10/25, 0.7300, 0.7317, 0.7283, 0.7313
06/09/25, 0.7300, 0.7316, 0.7294, 0.7298
06/06/25, 0.7311, 0.7321, 0.7296, 0.7300
06/05/25, 0.7310, 0.7335, 0.7307, 0.7312
06/04/25, 0.7288, 0.7325, 0.7281, 0.7310
06/03/25, 0.7293, 0.7298, 0.7275, 0.7288
06/02/25, 0.7276, 0.7313, 0.7274, 0.7291
05/30/25, 0.7242, 0.7292, 0.7229, 0.7278
05/29/25, 0.7227, 0.7254, 0.7214, 0.7242
05/28/25, 0.7240, 0.7246, 0.7222, 0.7228
05/27/25, 0.7279, 0.7288, 0.7227, 0.7240
05/26/25, 0.7278, 0.7306, 0.7276, 0.7280
05/23/25, 0.7217, 0.7294, 0.7210, 0.7281
05/22/25, 0.7214, 0.7234, 0.7199, 0.7216
05/21/25, 0.7185, 0.7239, 0.7182, 0.7215
05/20/25, 0.7170, 0.7190, 0.7158, 0.7187
05/19/25, 0.7156, 0.7185, 0.7154, 0.7168
05/16/25, 0.7163, 0.7176, 0.7144, 0.7159
05/15/25, 0.7151, 0.7166, 0.7140, 0.7164
05/14/25, 0.7174, 0.7193, 0.7149, 0.7150
05/13/25, 0.7155, 0.7178, 0.7134, 0.7175
05/12/25, 0.7171, 0.7197, 0.7134, 0.7156
05/09/25, 0.7181, 0.7191, 0.7170, 0.7174
05/08/25, 0.7225, 0.7239, 0.7176, 0.7182
05/07/25, 0.7258, 0.7266, 0.7225, 0.7225
05/06/25, 0.7234, 0.7272, 0.7222, 0.7259
05/05/25, 0.7239, 0.7254, 0.7230, 0.7234
05/02/25, 0.7217, 0.7267, 0.7215, 0.7236
05/01/25, 0.7250, 0.7255, 0.7213, 0.7217
04/30/25, 0.7229, 0.7262, 0.7217, 0.7246
04/29/25, 0.7231, 0.7241, 0.7208, 0.7229
04/28/25, 0.7201, 0.7238, 0.7197, 0.7231
04/25/25, 0.7217, 0.7222, 0.7197, 0.7217
04/24/25, 0.7204, 0.7225, 0.7194, 0.7217
04/23/25, 0.7240, 0.7247, 0.7190, 0.7204
04/22/25, 0.7224, 0.7250, 0.7214, 0.7239
04/21/25, 0.7221, 0.7256, 0.7218, 0.7224
04/18/25, 0.7227, 0.7229, 0.7209, 0.7221
04/17/25, 0.7214, 0.7231, 0.7190, 0.7227
04/16/25, 0.7166, 0.7217, 0.7159, 0.7216
04/15/25, 0.7207, 0.7220, 0.7153, 0.7164
04/14/25, 0.7209, 0.7231, 0.7189, 0.7206
04/11/25, 0.7151, 0.7225, 0.7147, 0.7214
04/10/25, 0.7101, 0.7168, 0.7086, 0.7152
04/09/25, 0.7009, 0.7104, 0.7005, 0.7100
04/08/25, 0.7017, 0.7070, 0.7006, 0.7010
04/07/25, 0.7028, 0.7052, 0.6994, 0.7016
04/04/25, 0.7094, 0.7116, 0.7012, 0.7029
04/03/25, 0.7024, 0.7129, 0.6983, 0.7094
04/02/25, 0.6992, 0.7026, 0.6966, 0.7025
04/01/25, 0.6950, 0.6994, 0.6936, 0.6992
03/31/25, 0.6953, 0.6993, 0.6946, 0.6950
03/28/25, 0.6990, 0.7005, 0.6966, 0.6983
03/27/25, 0.7008, 0.7013, 0.6978, 0.6990
03/26/25, 0.7003, 0.7025, 0.6993, 0.7009
03/25/25, 0.6983, 0.7007, 0.6976, 0.7003
03/24/25, 0.6933, 0.6998, 0.6933, 0.6984
03/21/25, 0.6981, 0.6986, 0.6957, 0.6967
03/20/25, 0.6980, 0.6987, 0.6943, 0.6981
03/19/25, 0.6992, 0.6995, 0.6968, 0.6980
03/18/25, 0.6994, 0.7007, 0.6983, 0.6993
03/17/25, 0.6950, 0.7005, 0.6950, 0.6999
03/14/25, 0.6926, 0.7006, 0.6908, 0.6960
03/13/25, 0.6959, 0.6965, 0.6914, 0.6921
03/12/25, 0.6927, 0.6966, 0.6903, 0.6959
03/11/25, 0.6925, 0.6954, 0.6886, 0.6928
03/10/25, 0.6957, 0.6967, 0.6908, 0.6925
03/07/25, 0.6994, 0.7003, 0.6931, 0.6957
03/06/25, 0.6974, 0.7023, 0.6955, 0.6995
03/05/25, 0.6947, 0.6978, 0.6920, 0.6973
03/04/25, 0.6905, 0.6958, 0.6876, 0.6948
03/03/25, 0.6912, 0.6958, 0.6876, 0.6904
02/28/25, 0.6926, 0.6944, 0.6909, 0.6913
02/27/25, 0.6973, 0.6983, 0.6920, 0.6926
02/26/25, 0.6986, 0.6996, 0.6959, 0.6974
02/25/25, 0.7012, 0.7022, 0.6983, 0.6986
02/24/25, 0.7023, 0.7051, 0.7008, 0.7012
02/21/25, 0.7054, 0.7058, 0.7024, 0.7028
02/20/25, 0.7024, 0.7059, 0.7019, 0.7054
02/19/25, 0.7043, 0.7054, 0.7019, 0.7023
02/18/25, 0.7051, 0.7053, 0.7035, 0.7044
02/17/25, 0.7052, 0.7063, 0.7044, 0.7050
02/14/25, 0.7045, 0.7066, 0.7041, 0.7049
02/13/25, 0.6991, 0.7051, 0.6987, 0.7045
02/12/25, 0.7000, 0.7015, 0.6971, 0.6988
02/11/25, 0.6984, 0.7003, 0.6969, 0.7000
02/10/25, 0.6993, 0.6998, 0.6954, 0.6984
02/07/25, 0.6988, 0.7006, 0.6970, 0.6996
02/06/25, 0.6987, 0.6993, 0.6960, 0.6990
02/05/25, 0.6982, 0.7007, 0.6971, 0.6987
02/04/25, 0.6931, 0.6992, 0.6894, 0.6982
02/03/25, 0.6876, 0.6949, 0.6760, 0.6931
01/31/25, 0.6902, 0.6958, 0.6868, 0.6880
01/30/25, 0.6934, 0.6948, 0.6851, 0.6900
01/29/25, 0.6953, 0.6953, 0.6909, 0.6935
01/28/25, 0.6958, 0.6959, 0.6934, 0.6943
01/27/25, 0.6971, 0.6977, 0.6943, 0.6956
01/24/25, 0.6953, 0.6986, 0.6951, 0.6971
01/23/25, 0.6954, 0.6976, 0.6937, 0.6953
01/22/25, 0.6981, 0.6993, 0.6948, 0.6955
01/21/25, 0.6989, 0.6998, 0.6888, 0.6981
01/20/25, 0.6902, 0.7012, 0.6902, 0.6988
01/17/25, 0.6948, 0.6953, 0.6903, 0.6908
01/16/25, 0.6972, 0.6982, 0.6942, 0.6947
01/15/25, 0.6968, 0.6992, 0.6960, 0.6973
01/14/25, 0.6953, 0.6972, 0.6939, 0.6969
01/13/25, 0.6885, 0.6956, 0.6885, 0.6954
01/10/25, 0.6946, 0.6956, 0.6923, 0.6929
01/09/25, 0.6956, 0.6961, 0.6942, 0.6946
01/08/25, 0.6959, 0.6974, 0.6939, 0.6956
01/07/25, 0.6972, 0.6994, 0.6958, 0.6959
01/06/25, 0.6922, 0.7003, 0.6918, 0.6978
01/03/25, 0.6943, 0.6953, 0.6913, 0.6921
01/02/25, 0.6945, 0.6960, 0.6924, 0.6942
01/01/25, 0.6951, 0.6954, 0.6940, 0.6948
12/31/24, 0.6965, 0.6974, 0.6938, 0.6952
12/30/24, 0.6935, 0.6971, 0.6929, 0.6965
12/27/24, 0.6941, 0.6956, 0.6920, 0.6938
12/26/24, 0.6952, 0.6969, 0.6934, 0.6940
12/25/24, 0.6965, 0.6998, 0.6929, 0.6949
12/24/24, 0.6958, 0.6969, 0.6934, 0.6964
12/23/24, 0.6982, 0.6982, 0.6927, 0.6958
12/20/24, 0.6944, 0.6976, 0.6926, 0.6955
12/19/24, 0.6922, 0.6971, 0.6912, 0.6945
12/18/24, 0.6988, 0.6992, 0.6920, 0.6921
12/17/24, 0.7021, 0.7027, 0.6980, 0.6987
12/16/24, 0.7023, 0.7034, 0.7006, 0.7022
12/13/24, 0.7032, 0.7041, 0.7019, 0.7025
12/12/24, 0.7063, 0.7077, 0.7027, 0.7033
12/11/24, 0.7051, 0.7082, 0.7044, 0.7062
12/10/24, 0.7056, 0.7065, 0.7044, 0.7052
12/09/24, 0.7061, 0.7096, 0.7054, 0.7056
12/06/24, 0.7131, 0.7137, 0.7059, 0.7063
12/05/24, 0.7104, 0.7138, 0.7101, 0.7130
12/04/24, 0.7108, 0.7116, 0.7100, 0.7106
12/03/24, 0.7108, 0.7108, 0.7108, 0.7108
12/02/24, 0.7133, 0.7149, 0.7096, 0.7118
11/29/24, 0.7133, 0.7153, 0.7118, 0.7131
11/28/24, 0.7128, 0.7144, 0.7121, 0.7135
11/27/24, 0.7115, 0.7138, 0.7102, 0.7127
11/26/24, 0.7150, 0.7153, 0.7052, 0.7115
11/25/24, 0.7152, 0.7180, 0.7138, 0.7149
11/22/24, 0.7157, 0.7173, 0.7132, 0.7161
11/21/24, 0.7155, 0.7178, 0.7153, 0.7156
11/20/24, 0.7165, 0.7168, 0.7134, 0.7155
11/19/24, 0.7165, 0.7165, 0.7165, 0.7165
11/18/24, 0.7090, 0.7141, 0.7089, 0.7135
11/15/24, 0.7112, 0.7135, 0.7088, 0.7097
11/14/24, 0.7144, 0.7149, 0.7109, 0.7112
11/13/24, 0.7171, 0.7177, 0.7140, 0.7142
11/12/24, 0.7181, 0.7185, 0.7158, 0.7171
11/11/24, 0.7185, 0.7196, 0.7167, 0.7182
11/08/24, 0.7214, 0.7221, 0.7179, 0.7188
11/07/24, 0.7174, 0.7224, 0.7168, 0.7215
11/06/24, 0.7174, 0.7174, 0.7174, 0.7174
11/05/24, 0.7196, 0.7235, 0.7189, 0.7232
11/04/24, 0.7159, 0.7208, 0.7159, 0.7193
11/01/24, 0.7177, 0.7193, 0.7144, 0.7164
10/31/24, 0.7192, 0.7199, 0.7170, 0.7176
10/30/24, 0.7186, 0.7197, 0.7172, 0.7192
10/29/24, 0.7199, 0.7207, 0.7178, 0.7187
10/28/24, 0.7197, 0.7204, 0.7189, 0.7199
10/25/24, 0.7217, 0.7227, 0.7195, 0.7198
10/24/24, 0.7217, 0.7217, 0.7217, 0.7217
10/23/24, 0.7237, 0.7238, 0.7212, 0.7227
10/22/24, 0.7225, 0.7239, 0.7225, 0.7238
10/21/24, 0.7239, 0.7247, 0.7219, 0.7230
10/18/24, 0.7249, 0.7254, 0.7237, 0.7245
10/17/24, 0.7272, 0.7275, 0.7245, 0.7248
10/16/24, 0.7259, 0.7273, 0.7249, 0.7271
10/15/24, 0.7248, 0.7262, 0.7225, 0.7259
10/14/24, 0.7261, 0.7269, 0.7242, 0.7248
10/11/24, 0.7278, 0.7286, 0.7254, 0.7266
10/10/24, 0.7294, 0.7302, 0.7259, 0.7277
10/09/24, 0.7327, 0.7330, 0.7288, 0.7293
10/08/24, 0.7342, 0.7347, 0.7311, 0.7328
10/07/24, 0.7363, 0.7371, 0.7331, 0.7342
10/04/24, 0.7378, 0.7384, 0.7358, 0.7366
10/03/24, 0.7406, 0.7410, 0.7373, 0.7377
10/02/24, 0.7412, 0.7422, 0.7401, 0.7405
10/01/24, 0.7393, 0.7418, 0.7385, 0.7411
09/30/24, 0.7394, 0.7413, 0.7386, 0.7393
09/27/24, 0.7423, 0.7427, 0.7392, 0.7398
09/26/24, 0.7416, 0.7430, 0.7405, 0.7426
09/25/24, 0.7444, 0.7452, 0.7412, 0.7416
09/24/24, 0.7385, 0.7446, 0.7383, 0.7445
09/23/24, 0.7361, 0.7415, 0.7361, 0.7385
09/20/24, 0.7374, 0.7395, 0.7330, 0.7366
09/19/24, 0.7350, 0.7389, 0.7326, 0.7374
09/18/24, 0.7355, 0.7385, 0.7340, 0.7350
09/17/24, 0.7359, 0.7364, 0.7342, 0.7354
09/16/24, 0.7354, 0.7371, 0.7348, 0.7359
09/13/24, 0.7364, 0.7372, 0.7352, 0.7360
09/12/24, 0.7364, 0.7372, 0.7349, 0.7364
09/11/24, 0.7347, 0.7371, 0.7339, 0.7365
09/10/24, 0.7375, 0.7377, 0.7343, 0.7348
09/09/24, 0.7363, 0.7382, 0.7363, 0.7375
09/06/24, 0.7404, 0.7426, 0.7362, 0.7367
09/05/24, 0.7405, 0.7407, 0.7392, 0.7406
09/04/24, 0.7379, 0.7408, 0.7371, 0.7403
09/03/24, 0.7410, 0.7412, 0.7372, 0.7379
09/02/24, 0.7409, 0.7420, 0.7403, 0.7410
08/30/24, 0.7414, 0.7427, 0.7402, 0.7410
08/29/24, 0.7418, 0.7436, 0.7411, 0.7416
08/28/24, 0.7438, 0.7440, 0.7413, 0.7418
08/27/24, 0.7414, 0.7439, 0.7404, 0.7438
08/26/24, 0.7392, 0.7428, 0.7392, 0.7415
08/23/24, 0.7344, 0.7409, 0.7342, 0.7402
08/22/24, 0.7355, 0.7369, 0.7341, 0.7344
08/21/24, 0.7342, 0.7366, 0.7310, 0.7356
08/20/24, 0.7335, 0.7350, 0.7329, 0.7342
08/19/24, 0.7305, 0.7337, 0.7304, 0.7335
08/16/24, 0.7283, 0.7311, 0.7278, 0.7311
08/15/24, 0.7289, 0.7302, 0.7278, 0.7283
08/14/24, 0.7289, 0.7289, 0.7289, 0.7289
08/13/24, 0.7277, 0.7297, 0.7273, 0.7296
08/12/24, 0.7268, 0.7290, 0.7268, 0.7276
08/09/24, 0.7282, 0.7289, 0.7269, 0.7283
08/08/24, 0.7269, 0.7286, 0.7263, 0.7281
08/07/24, 0.7269, 0.7269, 0.7269, 0.7269
08/06/24, 0.7233, 0.7269, 0.7217, 0.7254
08/05/24, 0.7207, 0.7241, 0.7169, 0.7232
08/02/24, 0.7206, 0.7228, 0.7199, 0.7208
08/01/24, 0.7244, 0.7248, 0.7199, 0.7208
07/31/24, 0.7220, 0.7253, 0.7214, 0.7242
07/30/24, 0.7219, 0.7227, 0.7211, 0.7220
07/29/24, 0.7230, 0.7238, 0.7211, 0.7218
07/26/24, 0.7234, 0.7243, 0.7219, 0.7227
07/25/24, 0.7242, 0.7248, 0.7220, 0.7233
07/24/24, 0.7253, 0.7258, 0.7237, 0.7242
07/23/24, 0.7268, 0.7272, 0.7252, 0.7254
07/22/24, 0.7260, 0.7314, 0.7258, 0.7268
07/19/24, 0.7296, 0.7300, 0.7272, 0.7283
07/18/24, 0.7308, 0.7315, 0.7289, 0.7296
07/17/24, 0.7313, 0.7322, 0.7297, 0.7308
07/16/24, 0.7308, 0.7318, 0.7294, 0.7313
07/15/24, 0.7327, 0.7336, 0.7304, 0.7308
07/12/24, 0.7335, 0.7347, 0.7328, 0.7332
07/11/24, 0.7342, 0.7359, 0.7326, 0.7335
07/10/24, 0.7332, 0.7349, 0.7328, 0.7341
07/09/24, 0.7334, 0.7338, 0.7326, 0.7333
07/08/24, 0.7342, 0.7342, 0.7326, 0.7333
07/05/24, 0.7345, 0.7352, 0.7323, 0.7331
07/04/24, 0.7332, 0.7349, 0.7328, 0.7346
07/03/24, 0.7311, 0.7343, 0.7305, 0.7331
07/02/24, 0.7280, 0.7317, 0.7269, 0.7310
07/01/24, 0.7311, 0.7319, 0.7272, 0.7280
06/28/24, 0.7299, 0.7323, 0.7280, 0.7310
06/27/24, 0.7298, 0.7312, 0.7292, 0.7298
06/26/24, 0.7321, 0.7326, 0.7294, 0.7298
06/25/24, 0.7322, 0.7337, 0.7308, 0.7321
06/24/24, 0.7299, 0.7327, 0.7294, 0.7322
06/21/24, 0.7304, 0.7313, 0.7289, 0.7303
06/20/24, 0.7295, 0.7309, 0.7287, 0.7304
06/19/24, 0.7289, 0.7301, 0.7284, 0.7295
06/18/24, 0.7286, 0.7295, 0.7268, 0.7289
06/17/24, 0.7270, 0.7288, 0.7265, 0.7287
06/14/24, 0.7276, 0.7285, 0.7256, 0.7279
06/13/24, 0.7286, 0.7301, 0.7264, 0.7277
06/12/24, 0.7267, 0.7310, 0.7265, 0.7286
06/11/24, 0.7269, 0.7274, 0.7249, 0.7268
06/10/24, 0.7258, 0.7271, 0.7255, 0.7268
06/07/24, 0.7315, 0.7319, 0.7262, 0.7263
06/06/24, 0.7302, 0.7319, 0.7293, 0.7315
06/05/24, 0.7310, 0.7318, 0.7276, 0.7301
06/04/24, 0.7338, 0.7342, 0.7299, 0.7311
06/03/24, 0.7323, 0.7352, 0.7315, 0.7338
05/31/24, 0.7309, 0.7343, 0.7304, 0.7336
05/30/24, 0.7290, 0.7321, 0.7280, 0.7310
05/29/24, 0.7328, 0.7331, 0.7288, 0.7290
05/28/24, 0.7335, 0.7345, 0.7323, 0.7328
05/27/24, 0.7317, 0.7343, 0.7313, 0.7334
05/24/24, 0.7284, 0.7328, 0.7278, 0.7312
05/23/24, 0.7304, 0.7323, 0.7275, 0.7284
05/22/24, 0.7323, 0.7345, 0.7299, 0.7302
05/21/24, 0.7340, 0.7345, 0.7312, 0.7323
05/20/24, 0.7343, 0.7364, 0.7333, 0.7340
05/17/24, 0.7342, 0.7352, 0.7328, 0.7345
05/16/24, 0.7351, 0.7358, 0.7330, 0.7343
05/15/24, 0.7326, 0.7357, 0.7319, 0.7352
05/14/24, 0.7318, 0.7335, 0.7304, 0.7325
05/13/24, 0.7309, 0.7325, 0.7304, 0.7317
05/10/24, 0.7310, 0.7335, 0.7303, 0.7314
05/09/24, 0.7291, 0.7313, 0.7278, 0.7310
05/08/24, 0.7284, 0.7290, 0.7265, 0.7288
05/07/24, 0.7317, 0.7321, 0.7276, 0.7284
05/06/24, 0.7313, 0.7330, 0.7300, 0.7317
05/03/24, 0.7313, 0.7348, 0.7303, 0.7306
05/02/24, 0.7279, 0.7316, 0.7272, 0.7314
05/01/24, 0.7257, 0.7298, 0.7255, 0.7278
04/30/24, 0.7319, 0.7323, 0.7253, 0.7257
04/29/24, 0.7309, 0.7336, 0.7308, 0.7319
04/26/24, 0.7321, 0.7335, 0.7300, 0.7316
04/25/24, 0.7297, 0.7326, 0.7282, 0.7322
04/24/24, 0.7319, 0.7324, 0.7283, 0.7298
04/23/24, 0.7298, 0.7323, 0.7290, 0.7319
04/22/24, 0.7246, 0.7306, 0.7246, 0.7299
04/19/24, 0.7264, 0.7287, 0.7243, 0.7274
04/18/24, 0.7261, 0.7278, 0.7255, 0.7263
04/17/24, 0.7234, 0.7268, 0.7226, 0.7260
04/16/24, 0.7252, 0.7260, 0.7221, 0.7231
04/15/24, 0.7258, 0.7286, 0.7248, 0.7253
04/12/24, 0.7305, 0.7309, 0.7252, 0.7261
04/11/24, 0.7309, 0.7320, 0.7285, 0.7305
04/10/24, 0.7368, 0.7377, 0.7296, 0.7308
04/09/24, 0.7369, 0.7381, 0.7352, 0.7367
04/08/24, 0.7357, 0.7369, 0.7343, 0.7367
04/05/24, 0.7382, 0.7386, 0.7327, 0.7357
04/04/24, 0.7387, 0.7420, 0.7375, 0.7383
04/03/24, 0.7371, 0.7401, 0.7358, 0.7392
04/02/24, 0.7369, 0.7385, 0.7360, 0.7371
04/01/24, 0.7402, 0.7402, 0.7359, 0.7368
03/29/24, 0.7386, 0.7391, 0.7372, 0.7386
03/28/24, 0.7370, 0.7394, 0.7345, 0.7385
03/27/24, 0.7361, 0.7374, 0.7347, 0.7371
03/26/24, 0.7361, 0.7361, 0.7361, 0.7361
03/25/24, 0.7339, 0.7369, 0.7339, 0.7360
03/22/24, 0.7391, 0.7397, 0.7344, 0.7351
03/21/24, 0.7412, 0.7431, 0.7384, 0.7390
03/20/24, 0.7371, 0.7418, 0.7349, 0.7412
03/19/24, 0.7389, 0.7390, 0.7344, 0.7370
03/18/24, 0.7391, 0.7397, 0.7378, 0.7389
03/15/24, 0.7389, 0.7402, 0.7378, 0.7383
03/14/24, 0.7425, 0.7429, 0.7384, 0.7389
03/13/24, 0.7412, 0.7430, 0.7408, 0.7423
03/12/24, 0.7417, 0.7426, 0.7393, 0.7412
03/11/24, 0.7392, 0.7425, 0.7392, 0.7416
03/08/24, 0.7425, 0.7451, 0.7408, 0.7416
03/07/24, 0.7401, 0.7433, 0.7392, 0.7429
03/06/24, 0.7356, 0.7409, 0.7352, 0.7400
03/05/24, 0.7368, 0.7377, 0.7349, 0.7357
03/04/24, 0.7362, 0.7383, 0.7361, 0.7368
03/01/24, 0.7364, 0.7383, 0.7351, 0.7373
02/29/24, 0.7364, 0.7385, 0.7353, 0.7364
02/28/24, 0.7364, 0.7364, 0.7364, 0.7364
02/27/24, 0.7404, 0.7416, 0.7385, 0.7391
02/26/24, 0.7414, 0.7435, 0.7390, 0.7405
02/23/24, 0.7418, 0.7429, 0.7383, 0.7399
02/22/24, 0.7403, 0.7440, 0.7402, 0.7416
02/21/24, 0.7393, 0.7410, 0.7387, 0.7405
02/20/24, 0.7393, 0.7393, 0.7393, 0.7393
02/19/24, 0.7410, 0.7425, 0.7408, 0.7413
02/16/24, 0.7423, 0.7429, 0.7402, 0.7414
02/15/24, 0.7382, 0.7428, 0.7378, 0.7427
02/14/24, 0.7369, 0.7390, 0.7367, 0.7383
02/13/24, 0.7434, 0.7441, 0.7359, 0.7371
02/12/24, 0.7413, 0.7447, 0.7413, 0.7434
02/09/24, 0.7431, 0.7456, 0.7416, 0.7431
02/08/24, 0.7428, 0.7436, 0.7410, 0.7429
02/07/24, 0.7412, 0.7432, 0.7409, 0.7427
02/06/24, 0.7386, 0.7420, 0.7380, 0.7411
02/05/24, 0.7420, 0.7431, 0.7382, 0.7386
02/02/24, 0.7469, 0.7482, 0.7420, 0.7429
02/01/24, 0.7442, 0.7480, 0.7426, 0.7470
01/31/24, 0.7463, 0.7486, 0.7436, 0.7443
01/30/24, 0.7454, 0.7466, 0.7436, 0.7463
01/29/24, 0.7429, 0.7458, 0.7425, 0.7454
01/26/24, 0.7419, 0.7454, 0.7412, 0.7433
01/25/24, 0.7394, 0.7425, 0.7387, 0.7420
01/24/24, 0.7429, 0.7446, 0.7390, 0.7394
01/23/24, 0.7418, 0.7433, 0.7410, 0.7429
01/22/24, 0.7418, 0.7418, 0.7418, 0.7418
01/19/24, 0.7414, 0.7448, 0.7405, 0.7446
01/18/24, 0.7403, 0.7420, 0.7389, 0.7415
01/17/24, 0.7412, 0.7418, 0.7383, 0.7405
01/16/24, 0.7447, 0.7450, 0.7405, 0.7410
01/15/24, 0.7451, 0.7473, 0.7435, 0.7448
01/12/24, 0.7465, 0.7494, 0.7455, 0.7457
01/11/24, 0.7474, 0.7490, 0.7437, 0.7466
01/10/24, 0.7468, 0.7482, 0.7461, 0.7472
01/09/24, 0.7492, 0.7496, 0.7454, 0.7468
01/08/24, 0.7478, 0.7494, 0.7459, 0.7492
01/05/24, 0.7489, 0.7526, 0.7462, 0.7482
01/04/24, 0.7488, 0.7509, 0.7480, 0.7491
01/03/24, 0.7507, 0.7509, 0.7477, 0.7489
01/02/24, 0.7556, 0.7560, 0.7498, 0.7507
01/01/24, 0.7538, 0.7572, 0.7467, 0.7554
12/29/23, 0.7559, 0.7588, 0.7538, 0.7549
12/28/23, 0.7569, 0.7586, 0.7554, 0.7558
12/27/23, 0.7579, 0.7589, 0.7564, 0.7570
12/26/23, 0.7546, 0.7579, 0.7538, 0.7577
12/25/23, 0.7539, 0.7558, 0.7515, 0.7544
12/22/23, 0.7526, 0.7565, 0.7521, 0.7536
12/21/23, 0.7526, 0.7526, 0.7526, 0.7526
12/20/23, 0.7499, 0.7512, 0.7477, 0.7480
12/19/23, 0.7499, 0.7499, 0.7499, 0.7499
12/18/23, 0.7463, 0.7491, 0.7457, 0.7462
12/15/23, 0.7458, 0.7490, 0.7452, 0.7472
12/14/23, 0.7395, 0.7467, 0.7395, 0.7458
12/13/23, 0.7358, 0.7411, 0.7348, 0.7397
12/12/23, 0.7366, 0.7382, 0.7342, 0.7359
12/11/23, 0.7356, 0.7380, 0.7349, 0.7367
12/08/23, 0.7354, 0.7380, 0.7346, 0.7361
12/07/23, 0.7356, 0.7362, 0.7341, 0.7353
12/06/23, 0.7356, 0.7380, 0.7353, 0.7357
12/05/23, 0.7356, 0.7358, 0.7356, 0.7358
12/04/23, 0.7408, 0.7419, 0.7372, 0.7386
12/01/23, 0.7372, 0.7415, 0.7365, 0.7409
11/30/23, 0.7358, 0.7379, 0.7338, 0.7374
11/29/23, 0.7367, 0.7386, 0.7344, 0.7359
11/28/23, 0.7343, 0.7375, 0.7339, 0.7368
11/27/23, 0.7328, 0.7346, 0.7319, 0.7343
11/24/23, 0.7302, 0.7356, 0.7292, 0.7332
11/23/23, 0.7305, 0.7326, 0.7292, 0.7300
11/22/23, 0.7297, 0.7307, 0.7264, 0.7305
11/21/23, 0.7285, 0.7310, 0.7282, 0.7298
11/20/23, 0.7287, 0.7305, 0.7272, 0.7286
11/17/23, 0.7267, 0.7311, 0.7261, 0.7287
11/16/23, 0.7308, 0.7311, 0.7258, 0.7269
11/15/23, 0.7302, 0.7323, 0.7293, 0.7309
11/14/23, 0.7244, 0.7308, 0.7222, 0.7303
11/13/23, 0.7246, 0.7258, 0.7229, 0.7242
11/10/23, 0.7241, 0.7251, 0.7217, 0.7245
11/09/23, 0.7249, 0.7275, 0.7237, 0.7242
11/08/23, 0.7249, 0.7249, 0.7249, 0.7249
11/07/23, 0.7298, 0.7307, 0.7255, 0.7263
11/06/23, 0.7298, 0.7298, 0.7298, 0.7298
11/03/23, 0.7278, 0.7325, 0.7266, 0.7322
11/02/23, 0.7217, 0.7280, 0.7214, 0.7279
11/01/23, 0.7207, 0.7225, 0.7194, 0.7217
10/31/23, 0.7233, 0.7239, 0.7197, 0.7206
10/30/23, 0.7204, 0.7239, 0.7204, 0.7232
10/27/23, 0.7230, 0.7249, 0.7203, 0.7208
10/26/23, 0.7248, 0.7252, 0.7222, 0.7230
10/25/23, 0.7278, 0.7283, 0.7240, 0.7248
10/24/23, 0.7305, 0.7320, 0.7269, 0.7277
10/23/23, 0.7294, 0.7317, 0.7278, 0.7304
10/20/23, 0.7289, 0.7316, 0.7280, 0.7289
10/19/23, 0.7291, 0.7310, 0.7277, 0.7289
10/18/23, 0.7327, 0.7344, 0.7289, 0.7290
10/17/23, 0.7348, 0.7349, 0.7296, 0.7326
10/16/23, 0.7319, 0.7349, 0.7316, 0.7347
10/13/23, 0.7305, 0.7333, 0.7301, 0.7319
10/12/23, 0.7352, 0.7365, 0.7298, 0.7303
10/11/23, 0.7361, 0.7369, 0.7339, 0.7356
10/10/23, 0.7358, 0.7369, 0.7343, 0.7361
10/09/23, 0.7321, 0.7363, 0.7309, 0.7359
10/06/23, 0.7296, 0.7330, 0.7275, 0.7318
10/05/23, 0.7272, 0.7298, 0.7253, 0.7297
10/04/23, 0.7295, 0.7305, 0.7257, 0.7275
10/03/23, 0.7318, 0.7320, 0.7279, 0.7295
10/02/23, 0.7365, 0.7374, 0.7309, 0.7312
09/29/23, 0.7413, 0.7453, 0.7360, 0.7377
09/28/23, 0.7413, 0.7413, 0.7413, 0.7413
09/27/23, 0.7398, 0.7410, 0.7383, 0.7409
09/26/23, 0.7431, 0.7436, 0.7391, 0.7398
09/25/23, 0.7431, 0.7431, 0.7431, 0.7431
09/22/23, 0.7421, 0.7450, 0.7404, 0.7418
09/21/23, 0.7427, 0.7435, 0.7393, 0.7416
09/20/23, 0.7435, 0.7466, 0.7419, 0.7429
09/19/23, 0.7416, 0.7473, 0.7409, 0.7436
09/18/23, 0.7386, 0.7423, 0.7386, 0.7415
09/15/23, 0.7403, 0.7411, 0.7379, 0.7391
09/14/23, 0.7383, 0.7411, 0.7377, 0.7402
09/13/23, 0.7377, 0.7397, 0.7359, 0.7380
09/12/23, 0.7367, 0.7384, 0.7355, 0.7379
09/11/23, 0.7320, 0.7374, 0.7320, 0.7368
09/08/23, 0.7308, 0.7349, 0.7303, 0.7331
09/07/23, 0.7332, 0.7336, 0.7301, 0.7306
09/06/23, 0.7329, 0.7341, 0.7311, 0.7334
09/05/23, 0.7358, 0.7359, 0.7314, 0.7331
09/04/23, 0.7369, 0.7369, 0.7349, 0.7358
09/01/23, 0.7406, 0.7413, 0.7345, 0.7356
08/31/23, 0.7406, 0.7406, 0.7406, 0.7406
08/30/23, 0.7378, 0.7401, 0.7365, 0.7389
08/29/23, 0.7354, 0.7380, 0.7332, 0.7378
08/28/23, 0.7347, 0.7369, 0.7346, 0.7352
08/25/23, 0.7362, 0.7369, 0.7331, 0.7351
08/24/23, 0.7393, 0.7402, 0.7358, 0.7363
08/23/23, 0.7381, 0.7397, 0.7349, 0.7392
08/22/23, 0.7383, 0.7400, 0.7371, 0.7380
08/21/23, 0.7378, 0.7410, 0.7366, 0.7382
08/18/23, 0.7382, 0.7394, 0.7366, 0.7379
08/17/23, 0.7389, 0.7409, 0.7378, 0.7383
08/16/23, 0.7408, 0.7421, 0.7382, 0.7389
08/15/23, 0.7429, 0.7440, 0.7405, 0.7408
08/14/23, 0.7446, 0.7448, 0.7418, 0.7429
08/11/23, 0.7437, 0.7456, 0.7426, 0.7439
08/10/23, 0.7451, 0.7477, 0.7433, 0.7435
08/09/23, 0.7453, 0.7460, 0.7432, 0.7451
08/08/23, 0.7479, 0.7482, 0.7405, 0.7452
08/07/23, 0.7471, 0.7488, 0.7461, 0.7479
08/04/23, 0.7485, 0.7508, 0.7466, 0.7479
08/03/23, 0.7491, 0.7502, 0.7474, 0.7488
08/02/23, 0.7530, 0.7538, 0.7488, 0.7490
08/01/23, 0.7582, 0.7591, 0.7518, 0.7530
07/31/23, 0.7546, 0.7604, 0.7539, 0.7581
07/28/23, 0.7560, 0.7574, 0.7543, 0.7547
07/27/23, 0.7571, 0.7600, 0.7550, 0.7562
07/26/23, 0.7591, 0.7594, 0.7553, 0.7571
07/25/23, 0.7593, 0.7606, 0.7570, 0.7592
07/24/23, 0.7567, 0.7604, 0.7558, 0.7594
07/21/23, 0.7592, 0.7602, 0.7559, 0.7563
07/20/23, 0.7595, 0.7622, 0.7578, 0.7592
07/19/23, 0.7593, 0.7601, 0.7578, 0.7596
07/18/23, 0.7576, 0.7594, 0.7550, 0.7593
07/17/23, 0.7576, 0.7576, 0.7576, 0.7576
07/14/23, 0.7628, 0.7638, 0.7558, 0.7565
07/13/23, 0.7582, 0.7632, 0.7578, 0.7627
07/12/23, 0.7558, 0.7608, 0.7552, 0.7580
07/11/23, 0.7529, 0.7559, 0.7521, 0.7557
07/10/23, 0.7534, 0.7540, 0.7515, 0.7530
07/07/23, 0.7481, 0.7539, 0.7469, 0.7530
07/06/23, 0.7528, 0.7533, 0.7476, 0.7480
07/05/23, 0.7528, 0.7528, 0.7528, 0.7528
07/04/23, 0.7548, 0.7574, 0.7542, 0.7562
07/03/23, 0.7549, 0.7559, 0.7532, 0.7548
06/30/23, 0.7544, 0.7571, 0.7528, 0.7549
06/29/23, 0.7543, 0.7554, 0.7526, 0.7545
06/28/23, 0.7577, 0.7582, 0.7530, 0.7542
06/27/23, 0.7604, 0.7624, 0.7578, 0.7579
06/26/23, 0.7566, 0.7612, 0.7566, 0.7600
06/23/23, 0.7603, 0.7609, 0.7560, 0.7585
06/22/23, 0.7596, 0.7611, 0.7586, 0.7604
06/21/23, 0.7554, 0.7601, 0.7549, 0.7596
06/20/23, 0.7554, 0.7554, 0.7554, 0.7554
06/19/23, 0.7576, 0.7589, 0.7557, 0.7569
06/16/23, 0.7562, 0.7589, 0.7552, 0.7573
06/15/23, 0.7508, 0.7571, 0.7486, 0.7563
06/14/23, 0.7508, 0.7535, 0.7489, 0.7504
06/13/23, 0.7481, 0.7527, 0.7474, 0.7508
06/12/23, 0.7494, 0.7510, 0.7470, 0.7480
06/09/23, 0.7486, 0.7511, 0.7478, 0.7491
06/08/23, 0.7480, 0.7500, 0.7469, 0.7485
06/07/23, 0.7460, 0.7507, 0.7447, 0.7479
06/06/23, 0.7436, 0.7468, 0.7433, 0.7460
06/05/23, 0.7448, 0.7453, 0.7428, 0.7438
06/02/23, 0.7434, 0.7459, 0.7423, 0.7444
06/01/23, 0.7367, 0.7442, 0.7360, 0.7435
05/31/23, 0.7352, 0.7370, 0.7324, 0.7366
05/30/23, 0.7357, 0.7371, 0.7345, 0.7353
05/29/23, 0.7344, 0.7362, 0.7339, 0.7358
05/26/23, 0.7332, 0.7356, 0.7323, 0.7348
05/25/23, 0.7356, 0.7360, 0.7328, 0.7329
05/24/23, 0.7405, 0.7410, 0.7349, 0.7356
05/23/23, 0.7403, 0.7416, 0.7380, 0.7406
05/22/23, 0.7409, 0.7416, 0.7396, 0.7405
05/19/23, 0.7404, 0.7425, 0.7391, 0.7392
05/18/23, 0.7431, 0.7435, 0.7393, 0.7406
05/17/23, 0.7418, 0.7442, 0.7387, 0.7431
05/16/23, 0.7425, 0.7460, 0.7410, 0.7419
05/15/23, 0.7352, 0.7430, 0.7321, 0.7425
05/12/23, 0.7412, 0.7419, 0.7371, 0.7381
05/11/23, 0.7479, 0.7483, 0.7409, 0.7413
05/10/23, 0.7471, 0.7499, 0.7453, 0.7478
05/09/23, 0.7477, 0.7482, 0.7459, 0.7471
05/08/23, 0.7420, 0.7510, 0.7419, 0.7478
05/05/23, 0.7385, 0.7481, 0.7383, 0.7477
05/04/23, 0.7343, 0.7397, 0.7334, 0.7386
05/03/23, 0.7339, 0.7362, 0.7331, 0.7345
05/02/23, 0.7390, 0.7392, 0.7332, 0.7339
05/01/23, 0.7323, 0.7391, 0.7323, 0.7383
04/28/23, 0.7358, 0.7388, 0.7316, 0.7371
04/27/23, 0.7332, 0.7359, 0.7328, 0.7357
04/26/23, 0.7337, 0.7353, 0.7324, 0.7333
04/25/23, 0.7384, 0.7394, 0.7326, 0.7339
04/24/23, 0.7392, 0.7395, 0.7311, 0.7384
04/21/23, 0.7439, 0.7439, 0.7372, 0.7391
04/20/23, 0.7430, 0.7436, 0.7412, 0.7420
04/19/23, 0.7468, 0.7471, 0.7425, 0.7430
04/18/23, 0.7465, 0.7486, 0.7462, 0.7469
04/17/23, 0.7397, 0.7495, 0.7397, 0.7466
04/14/23, 0.7498, 0.7518, 0.7464, 0.7480
04/13/23, 0.7438, 0.7500, 0.7424, 0.7498
04/12/23, 0.7426, 0.7448, 0.7412, 0.7440
04/11/23, 0.7401, 0.7428, 0.7397, 0.7426
04/10/23, 0.7397, 0.7416, 0.7378, 0.7402
04/07/23, 0.7412, 0.7430, 0.7376, 0.7381
04/06/23, 0.7412, 0.7412, 0.7412, 0.7412
04/05/23, 0.7438, 0.7448, 0.7416, 0.7430
04/04/23, 0.7442, 0.7459, 0.7425, 0.7437
04/03/23, 0.7392, 0.7457, 0.7387, 0.7443
03/31/23, 0.7391, 0.7403, 0.7371, 0.7397
03/30/23, 0.7376, 0.7399, 0.7362, 0.7395
03/29/23, 0.7351, 0.7377, 0.7343, 0.7375
03/28/23, 0.7320, 0.7357, 0.7301, 0.7355
03/27/23, 0.7320, 0.7320, 0.7320, 0.7320
03/24/23, 0.7291, 0.7296, 0.7242, 0.7275
03/23/23, 0.7284, 0.7337, 0.7279, 0.7291
03/22/23, 0.7293, 0.7322, 0.7274, 0.7283
03/21/23, 0.7293, 0.7293, 0.7293, 0.7293
03/20/23, 0.7290, 0.7326, 0.7274, 0.7317
03/17/23, 0.7295, 0.7311, 0.7260, 0.7285
03/16/23, 0.7265, 0.7292, 0.7251, 0.7288
03/15/23, 0.7307, 0.7321, 0.7238, 0.7263
03/14/23, 0.7283, 0.7326, 0.7272, 0.7306
03/13/23, 0.7215, 0.7311, 0.7215, 0.7282
03/10/23, 0.7232, 0.7266, 0.7213, 0.7231
03/09/23, 0.7245, 0.7271, 0.7226, 0.7232
03/08/23, 0.7271, 0.7277, 0.7238, 0.7243
03/07/23, 0.7345, 0.7353, 0.7266, 0.7270
03/06/23, 0.7351, 0.7362, 0.7336, 0.7346
03/03/23, 0.7352, 0.7377, 0.7329, 0.7354
03/02/23, 0.7355, 0.7363, 0.7329, 0.7355
03/01/23, 0.7329, 0.7361, 0.7320, 0.7356
02/28/23, 0.7366, 0.7375, 0.7326, 0.7327
02/27/23, 0.7333, 0.7389, 0.7333, 0.7366
02/24/23, 0.7380, 0.7392, 0.7318, 0.7351
02/23/23, 0.7380, 0.7399, 0.7362, 0.7381
02/22/23, 0.7386, 0.7399, 0.7369, 0.7379
02/21/23, 0.7432, 0.7439, 0.7379, 0.7387
02/20/23, 0.7421, 0.7440, 0.7409, 0.7433
02/17/23, 0.7430, 0.7436, 0.7386, 0.7420
02/16/23, 0.7467, 0.7487, 0.7418, 0.7429
02/15/23, 0.7497, 0.7500, 0.7439, 0.7467
02/14/23, 0.7500, 0.7533, 0.7467, 0.7498
02/13/23, 0.7469, 0.7505, 0.7469, 0.7499
02/10/23, 0.7431, 0.7498, 0.7421, 0.7490
02/09/23, 0.7436, 0.7478, 0.7426, 0.7432
02/08/23, 0.7462, 0.7485, 0.7433, 0.7436
02/07/23, 0.7438, 0.7473, 0.7423, 0.7462
02/06/23, 0.7456, 0.7465, 0.7420, 0.7436
02/03/23, 0.7507, 0.7511, 0.7447, 0.7467
02/02/23, 0.7522, 0.7540, 0.7491, 0.7509
02/01/23, 0.7517, 0.7538, 0.7472, 0.7523
01/31/23, 0.7469, 0.7520, 0.7422, 0.7515
01/30/23, 0.7497, 0.7519, 0.7467, 0.7470
01/27/23, 0.7508, 0.7519, 0.7480, 0.7480
01/26/23, 0.7469, 0.7517, 0.7457, 0.7505
01/25/23, 0.7479, 0.7496, 0.7446, 0.7467
01/24/23, 0.7479, 0.7493, 0.7454, 0.7479
01/23/23, 0.7466, 0.7496, 0.7452, 0.7481
01/20/23, 0.7425, 0.7478, 0.7408, 0.7468
01/19/23, 0.7425, 0.7425, 0.7425, 0.7425
01/18/23, 0.7468, 0.7490, 0.7406, 0.7412
01/17/23, 0.7458, 0.7480, 0.7441, 0.7469
01/16/23, 0.7461, 0.7490, 0.7451, 0.7458
01/13/23, 0.7478, 0.7507, 0.7440, 0.7463
01/12/23, 0.7450, 0.7493, 0.7428, 0.7479
01/11/23, 0.7447, 0.7460, 0.7436, 0.7448
01/10/23, 0.7469, 0.7477, 0.7437, 0.7448
01/09/23, 0.7436, 0.7487, 0.7433, 0.7469
01/06/23, 0.7368, 0.7444, 0.7318, 0.7438
01/05/23, 0.7418, 0.7423, 0.7354, 0.7369
01/04/23, 0.7315, 0.7421, 0.7309, 0.7418
01/03/23, 0.7366, 0.7395, 0.7306, 0.7316
01/02/23, 0.7369, 0.7416, 0.7357, 0.7368
12/30/22, 0.7381, 0.7400, 0.7361, 0.7378
12/29/22, 0.7349, 0.7387, 0.7345, 0.7381
12/28/22, 0.7394, 0.7427, 0.7346, 0.7351
12/27/22, 0.7366, 0.7416, 0.7340, 0.7396
12/26/22, 0.7329, 0.7368, 0.7327, 0.7362
12/23/22, 0.7321, 0.7373, 0.7316, 0.7352
12/22/22, 0.7346, 0.7369, 0.7306, 0.7326
12/21/22, 0.7349, 0.7359, 0.7331, 0.7346
12/20/22, 0.7326, 0.7364, 0.7296, 0.7346
12/19/22, 0.7276, 0.7340, 0.7276, 0.7328
12/16/22, 0.7325, 0.7361, 0.7286, 0.7298
12/15/22, 0.7382, 0.7386, 0.7312, 0.7322
12/14/22, 0.7382, 0.7397, 0.7346, 0.7381
12/13/22, 0.7333, 0.7396, 0.7328, 0.7383
12/12/22, 0.7285, 0.7343, 0.7284, 0.7335
12/09/22, 0.7355, 0.7370, 0.7304, 0.7329
12/08/22, 0.7324, 0.7374, 0.7304, 0.7356
12/07/22, 0.7324, 0.7359, 0.7298, 0.7324
12/06/22, 0.7359, 0.7369, 0.7311, 0.7324
12/05/22, 0.7410, 0.7471, 0.7349, 0.7359
12/02/22, 0.7444, 0.7451, 0.7396, 0.7423
12/01/22, 0.7453, 0.7466, 0.7423, 0.7444
11/30/22, 0.7364, 0.7457, 0.7355, 0.7453
11/29/22, 0.7407, 0.7458, 0.7328, 0.7363
11/28/22, 0.7462, 0.7468, 0.7403, 0.7410
11/25/22, 0.7497, 0.7509, 0.7463, 0.7475
11/24/22, 0.7488, 0.7509, 0.7483, 0.7498
11/23/22, 0.7479, 0.7494, 0.7440, 0.7488
11/22/22, 0.7432, 0.7483, 0.7426, 0.7477
11/21/22, 0.7454, 0.7478, 0.7409, 0.7434
11/18/22, 0.7502, 0.7519, 0.7457, 0.7480
11/17/22, 0.7503, 0.7516, 0.7461, 0.7504
11/16/22, 0.7530, 0.7560, 0.7491, 0.7502
11/15/22, 0.7511, 0.7560, 0.7499, 0.7529
11/14/22, 0.7536, 0.7552, 0.7509, 0.7510
11/11/22, 0.7506, 0.7557, 0.7484, 0.7542
11/10/22, 0.7393, 0.7514, 0.7368, 0.7508
11/09/22, 0.7447, 0.7456, 0.7384, 0.7393
11/08/22, 0.7409, 0.7470, 0.7391, 0.7447
11/07/22, 0.7417, 0.7427, 0.7379, 0.7410
11/04/22, 0.7274, 0.7424, 0.7270, 0.7418
11/03/22, 0.7293, 0.7309, 0.7241, 0.7274
11/02/22, 0.7337, 0.7381, 0.7290, 0.7293
11/01/22, 0.7337, 0.7337, 0.7337, 0.7337
10/31/22, 0.7328, 0.7498, 0.7307, 0.7339
10/28/22, 0.7371, 0.7394, 0.7333, 0.7350
10/27/22, 0.7371, 0.7371, 0.7371, 0.7371
10/26/22, 0.7347, 0.7402, 0.7325, 0.7377
10/25/22, 0.7291, 0.7352, 0.7273, 0.7348
10/24/22, 0.7335, 0.7349, 0.7259, 0.7297
10/21/22, 0.7264, 0.7337, 0.7217, 0.7330
10/20/22, 0.7264, 0.7326, 0.7242, 0.7264
10/19/22, 0.7278, 0.7289, 0.7241, 0.7266
10/18/22, 0.7291, 0.7322, 0.7240, 0.7281
10/17/22, 0.7204, 0.7300, 0.7195, 0.7289
10/14/22, 0.7270, 0.7297, 0.7194, 0.7205
10/13/22, 0.7238, 0.7296, 0.7154, 0.7269
10/12/22, 0.7245, 0.7267, 0.7230, 0.7237
10/11/22, 0.7256, 0.7291, 0.7217, 0.7248
10/10/22, 0.7277, 0.7297, 0.7256, 0.7257
10/07/22, 0.7274, 0.7312, 0.7267, 0.7279
10/06/22, 0.7344, 0.7372, 0.7269, 0.7274
10/05/22, 0.7408, 0.7408, 0.7301, 0.7342
10/04/22, 0.7340, 0.7406, 0.7318, 0.7401
10/03/22, 0.7258, 0.7342, 0.7231, 0.7339
09/30/22, 0.7309, 0.7321, 0.7225, 0.7231
09/29/22, 0.7347, 0.7350, 0.7268, 0.7308
09/28/22, 0.7288, 0.7352, 0.7229, 0.7348
09/27/22, 0.7279, 0.7332, 0.7258, 0.7286
09/26/22, 0.7359, 0.7374, 0.7241, 0.7281
09/23/22, 0.7415, 0.7426, 0.7346, 0.7359
09/22/22, 0.7426, 0.7458, 0.7382, 0.7414
09/21/22, 0.7483, 0.7486, 0.7424, 0.7427
09/20/22, 0.7547, 0.7561, 0.7476, 0.7480
09/19/22, 0.7537, 0.7550, 0.7493, 0.7546
09/16/22, 0.7561, 0.7581, 0.7514, 0.7540
09/15/22, 0.7593, 0.7602, 0.7552, 0.7561
09/14/22, 0.7591, 0.7632, 0.7571, 0.7597
09/13/22, 0.7699, 0.7720, 0.7589, 0.7591
09/12/22, 0.7661, 0.7714, 0.7658, 0.7701
09/09/22, 0.7639, 0.7703, 0.7617, 0.7674
09/08/22, 0.7620, 0.7647, 0.7599, 0.7639
09/07/22, 0.7604, 0.7628, 0.7570, 0.7622
09/06/22, 0.7604, 0.7604, 0.7604, 0.7604
09/05/22, 0.7613, 0.7621, 0.7590, 0.7609
09/02/22, 0.7601, 0.7648, 0.7592, 0.7616
09/01/22, 0.7609, 0.7624, 0.7571, 0.7602
08/31/22, 0.7637, 0.7655, 0.7609, 0.7617
08/30/22, 0.7684, 0.7710, 0.7629, 0.7639
08/29/22, 0.7671, 0.7698, 0.7647, 0.7685
08/26/22, 0.7738, 0.7750, 0.7665, 0.7671
08/25/22, 0.7710, 0.7755, 0.7704, 0.7736
08/24/22, 0.7720, 0.7729, 0.7677, 0.7711
08/23/22, 0.7661, 0.7732, 0.7654, 0.7718
08/22/22, 0.7698, 0.7709, 0.7655, 0.7661
08/19/22, 0.7722, 0.7736, 0.7686, 0.7695
08/18/22, 0.7743, 0.7764, 0.7712, 0.7722
08/17/22, 0.7784, 0.7796, 0.7729, 0.7744
08/16/22, 0.7749, 0.7793, 0.7734, 0.7785
08/15/22, 0.7826, 0.7835, 0.7731, 0.7749
08/12/22, 0.7834, 0.7850, 0.7793, 0.7826
08/11/22, 0.7834, 0.7834, 0.7834, 0.7834
08/10/22, 0.7758, 0.7843, 0.7753, 0.7829
08/09/22, 0.7780, 0.7787, 0.7751, 0.7759
08/08/22, 0.7732, 0.7789, 0.7721, 0.7777
08/05/22, 0.7773, 0.7775, 0.7701, 0.7729
08/04/22, 0.7785, 0.7802, 0.7766, 0.7774
08/03/22, 0.7762, 0.7793, 0.7755, 0.7786
08/02/22, 0.7787, 0.7792, 0.7759, 0.7764
08/01/22, 0.7816, 0.7833, 0.7778, 0.7788
07/29/22, 0.7807, 0.7820, 0.7776, 0.7815
07/28/22, 0.7800, 0.7815, 0.7770, 0.7808
07/27/22, 0.7761, 0.7808, 0.7743, 0.7798
07/26/22, 0.7783, 0.7802, 0.7750, 0.7761
07/25/22, 0.7743, 0.7791, 0.7723, 0.7783
07/22/22, 0.7771, 0.7799, 0.7734, 0.7742
07/21/22, 0.7743, 0.7776, 0.7729, 0.7772
07/20/22, 0.7770, 0.7780, 0.7747, 0.7762
07/19/22, 0.7704, 0.7772, 0.7698, 0.7770
07/18/22, 0.7671, 0.7752, 0.7671, 0.7701
07/15/22, 0.7623, 0.7684, 0.7612, 0.7676
07/14/22, 0.7707, 0.7711, 0.7561, 0.7624
07/13/22, 0.7678, 0.7730, 0.7656, 0.7708
07/12/22, 0.7688, 0.7702, 0.7661, 0.7680
07/11/22, 0.7722, 0.7729, 0.7661, 0.7689
07/08/22, 0.7712, 0.7731, 0.7671, 0.7725
07/07/22, 0.7671, 0.7713, 0.7659, 0.7710
07/06/22, 0.7675, 0.7685, 0.7646, 0.7671
07/05/22, 0.7772, 0.7786, 0.7642, 0.7674
07/04/22, 0.7756, 0.7790, 0.7749, 0.7776
07/01/22, 0.7768, 0.7772, 0.7712, 0.7762
06/30/22, 0.7756, 0.7775, 0.7732, 0.7768
06/29/22, 0.7766, 0.7785, 0.7752, 0.7756
06/28/22, 0.7764, 0.7801, 0.7755, 0.7765
06/27/22, 0.7754, 0.7773, 0.7741, 0.7765
06/24/22, 0.7693, 0.7758, 0.7687, 0.7758
06/23/22, 0.7724, 0.7730, 0.7681, 0.7694
06/22/22, 0.7738, 0.7744, 0.7693, 0.7723
06/21/22, 0.7703, 0.7749, 0.7698, 0.7740
06/20/22, 0.7671, 0.7705, 0.7667, 0.7703
06/17/22, 0.7721, 0.7729, 0.7645, 0.7671
06/16/22, 0.7758, 0.7776, 0.7705, 0.7720
06/15/22, 0.7722, 0.7773, 0.7694, 0.7759
06/14/22, 0.7754, 0.7772, 0.7706, 0.7719
06/13/22, 0.7834, 0.7834, 0.7751, 0.7753
06/10/22, 0.7876, 0.7886, 0.7804, 0.7823
06/09/22, 0.7964, 0.7969, 0.7870, 0.7873
06/08/22, 0.7979, 0.7989, 0.7958, 0.7962
06/07/22, 0.7949, 0.7985, 0.7923, 0.7981
06/06/22, 0.7949, 0.7949, 0.7949, 0.7949
06/03/22, 0.7954, 0.7967, 0.7928, 0.7936
06/02/22, 0.7900, 0.7960, 0.7882, 0.7955
06/01/22, 0.7906, 0.7932, 0.7887, 0.7901
05/31/22, 0.7903, 0.7918, 0.7882, 0.7905
05/30/22, 0.7858, 0.7905, 0.7852, 0.7902
05/27/22, 0.7829, 0.7863, 0.7819, 0.7861
05/26/22, 0.7803, 0.7832, 0.7782, 0.7831
05/25/22, 0.7800, 0.7811, 0.7762, 0.7802
05/24/22, 0.7833, 0.7840, 0.7768, 0.7799
05/23/22, 0.7788, 0.7833, 0.7782, 0.7831
05/20/22, 0.7798, 0.7827, 0.7770, 0.7790
05/19/22, 0.7798, 0.7798, 0.7798, 0.7798
05/18/22, 0.7804, 0.7815, 0.7753, 0.7758
05/17/22, 0.7785, 0.7809, 0.7776, 0.7807
05/16/22, 0.7748, 0.7791, 0.7702, 0.7784
05/13/22, 0.7667, 0.7753, 0.7661, 0.7747
05/12/22, 0.7696, 0.7706, 0.7647, 0.7665
05/11/22, 0.7675, 0.7739, 0.7668, 0.7696
05/10/22, 0.7684, 0.7715, 0.7661, 0.7674
05/09/22, 0.7752, 0.7753, 0.7681, 0.7684
05/06/22, 0.7792, 0.7804, 0.7742, 0.7751
05/05/22, 0.7844, 0.7866, 0.7770, 0.7791
05/04/22, 0.7786, 0.7855, 0.7779, 0.7850
05/03/22, 0.7763, 0.7797, 0.7754, 0.7790
05/02/22, 0.7786, 0.7789, 0.7742, 0.7764
04/29/22, 0.7807, 0.7863, 0.7773, 0.7777
04/28/22, 0.7800, 0.7818, 0.7763, 0.7806
04/27/22, 0.7797, 0.7826, 0.7779, 0.7800
04/26/22, 0.7853, 0.7884, 0.7795, 0.7795
04/25/22, 0.7860, 0.7871, 0.7825, 0.7851
04/22/22, 0.7949, 0.7956, 0.7856, 0.7865
04/21/22, 0.7999, 0.8026, 0.7942, 0.7948
04/20/22, 0.7924, 0.8018, 0.7921, 0.8002
04/19/22, 0.7926, 0.7956, 0.7906, 0.7923
04/18/22, 0.7928, 0.7934, 0.7908, 0.7929
04/15/22, 0.7936, 0.7942, 0.7920, 0.7929
04/14/22, 0.7956, 0.7985, 0.7910, 0.7934
04/13/22, 0.7909, 0.7965, 0.7888, 0.7959
04/12/22, 0.7917, 0.7948, 0.7896, 0.7909
04/11/22, 0.7955, 0.7958, 0.7910, 0.7915
04/08/22, 0.7943, 0.7967, 0.7923, 0.7967
04/07/22, 0.7972, 0.7982, 0.7929, 0.7942
04/06/22, 0.8008, 0.8014, 0.7963, 0.7973
04/05/22, 0.8009, 0.8063, 0.8001, 0.8008
04/04/22, 0.7987, 0.8021, 0.7955, 0.8008
04/01/22, 0.7996, 0.8013, 0.7974, 0.7990
03/31/22, 0.8012, 0.8023, 0.7977, 0.7996
03/30/22, 0.7999, 0.8045, 0.7993, 0.8013
03/29/22, 0.7989, 0.8019, 0.7980, 0.7998
03/28/22, 0.8012, 0.8017, 0.7940, 0.7988
03/25/22, 0.7983, 0.8023, 0.7965, 0.8015
03/24/22, 0.7960, 0.7994, 0.7944, 0.7983
03/23/22, 0.7956, 0.7973, 0.7932, 0.7961
03/22/22, 0.7941, 0.7957, 0.7922, 0.7955
03/21/22, 0.7931, 0.7958, 0.7912, 0.7940
03/18/22, 0.7920, 0.7943, 0.7906, 0.7932
03/17/22, 0.7888, 0.7929, 0.7874, 0.7919
03/16/22, 0.7833, 0.7890, 0.7826, 0.7887
03/15/22, 0.7798, 0.7836, 0.7768, 0.7833
03/14/22, 0.7835, 0.7856, 0.7795, 0.7796
03/11/22, 0.7833, 0.7878, 0.7811, 0.7847
03/10/22, 0.7807, 0.7843, 0.7786, 0.7832
03/09/22, 0.7760, 0.7810, 0.7754, 0.7809
03/08/22, 0.7800, 0.7815, 0.7751, 0.7761
03/07/22, 0.7850, 0.7883, 0.7799, 0.7800
03/04/22, 0.7886, 0.7894, 0.7817, 0.7861
03/03/22, 0.7917, 0.7944, 0.7877, 0.7885
03/02/22, 0.7851, 0.7919, 0.7845, 0.7916
03/01/22, 0.7888, 0.7903, 0.7842, 0.7847
02/28/22, 0.7817, 0.7900, 0.7805, 0.7889
02/25/22, 0.7804, 0.7878, 0.7799, 0.7869
02/24/22, 0.7852, 0.7859, 0.7764, 0.7808
02/23/22, 0.7831, 0.7885, 0.7826, 0.7853
02/22/22, 0.7842, 0.7863, 0.7822, 0.7830
02/21/22, 0.7844, 0.7861, 0.7834, 0.7842
02/18/22, 0.7867, 0.7891, 0.7834, 0.7842
02/17/22, 0.7881, 0.7890, 0.7853, 0.7869
02/16/22, 0.7862, 0.7896, 0.7852, 0.7881
02/15/22, 0.7855, 0.7873, 0.7827, 0.7863
02/14/22, 0.7851, 0.7862, 0.7822, 0.7856
02/11/22, 0.7862, 0.7893, 0.7840, 0.7859
02/10/22, 0.7892, 0.7914, 0.7855, 0.7863
02/09/22, 0.7866, 0.7895, 0.7863, 0.7890
02/08/22, 0.7893, 0.7896, 0.7861, 0.7869
02/07/22, 0.7843, 0.7901, 0.7805, 0.7894
02/04/22, 0.7888, 0.7897, 0.7820, 0.7849
02/03/22, 0.7893, 0.7901, 0.7863, 0.7887
02/02/22, 0.7883, 0.7905, 0.7870, 0.7894
02/01/22, 0.7869, 0.7902, 0.7857, 0.7881
01/31/22, 0.7827, 0.7885, 0.7825, 0.7869
01/28/22, 0.7848, 0.7866, 0.7814, 0.7830
01/27/22, 0.7894, 0.7904, 0.7843, 0.7847
01/26/22, 0.7918, 0.7963, 0.7881, 0.7894
01/25/22, 0.7913, 0.7938, 0.7893, 0.7916
01/24/22, 0.7947, 0.7965, 0.7872, 0.7912
01/21/22, 0.7997, 0.8002, 0.7940, 0.7949
01/20/22, 0.7989, 0.8030, 0.7988, 0.7998
01/19/22, 0.7990, 0.8032, 0.7983, 0.7990
01/18/22, 0.7988, 0.8009, 0.7958, 0.7991
01/17/22, 0.7977, 0.8000, 0.7962, 0.7991
01/14/22, 0.7988, 0.8021, 0.7954, 0.7964
01/13/22, 0.7994, 0.8032, 0.7985, 0.7988
01/12/22, 0.7953, 0.8004, 0.7948, 0.7994
01/11/22, 0.7886, 0.7958, 0.7884, 0.7954
01/10/22, 0.7886, 0.7886, 0.7886, 0.7886
01/07/22, 0.7855, 0.7917, 0.7853, 0.7909
01/06/22, 0.7839, 0.7870, 0.7803, 0.7856
01/05/22, 0.7869, 0.7880, 0.7832, 0.7839
01/04/22, 0.7847, 0.7894, 0.7832, 0.7871
01/03/22, 0.7847, 0.7847, 0.7847, 0.7847
12/31/21, 0.7853, 0.7923, 0.7842, 0.7912
12/30/21, 0.7818, 0.7855, 0.7803, 0.7850
12/29/21, 0.7795, 0.7820, 0.7790, 0.7818
12/28/21, 0.7820, 0.7830, 0.7792, 0.7802
12/27/21, 0.7804, 0.7826, 0.7783, 0.7819
12/24/21, 0.7805, 0.7821, 0.7760, 0.7803
12/23/21, 0.7790, 0.7814, 0.7779, 0.7806
12/22/21, 0.7743, 0.7793, 0.7736, 0.7791
12/21/21, 0.7728, 0.7744, 0.7722, 0.7743
12/20/21, 0.7757, 0.7763, 0.7713, 0.7726
12/17/21, 0.7829, 0.7831, 0.7750, 0.7754
12/16/21, 0.7791, 0.7836, 0.7776, 0.7827
12/15/21, 0.7775, 0.7795, 0.7730, 0.7792
12/14/21, 0.7807, 0.7814, 0.7772, 0.7774
12/13/21, 0.7855, 0.7871, 0.7799, 0.7808
12/10/21, 0.7866, 0.7886, 0.7849, 0.7858
12/09/21, 0.7902, 0.7905, 0.7860, 0.7864
12/08/21, 0.7912, 0.7932, 0.7893, 0.7902
12/07/21, 0.7839, 0.7914, 0.7832, 0.7913
12/06/21, 0.7785, 0.7843, 0.7779, 0.7840
12/03/21, 0.7807, 0.7847, 0.7779, 0.7785
12/02/21, 0.7799, 0.7826, 0.7789, 0.7809
12/01/21, 0.7824, 0.7866, 0.7793, 0.7801
11/30/21, 0.7847, 0.7856, 0.7790, 0.7824
11/29/21, 0.7837, 0.7862, 0.7815, 0.7850
11/26/21, 0.7906, 0.7908, 0.7813, 0.7817
11/25/21, 0.7895, 0.7912, 0.7887, 0.7907
11/24/21, 0.7894, 0.7904, 0.7866, 0.7893
11/23/21, 0.7874, 0.7899, 0.7845, 0.7892
11/22/21, 0.7909, 0.7919, 0.7869, 0.7873
11/19/21, 0.7934, 0.7946, 0.7896, 0.7912
11/18/21, 0.7929, 0.7943, 0.7906, 0.7935
11/17/21, 0.7962, 0.7975, 0.7921, 0.7930
11/16/21, 0.7962, 0.7962, 0.7962, 0.7962
11/15/21, 0.7971, 0.8000, 0.7963, 0.7990
11/12/21, 0.7950, 0.7974, 0.7933, 0.7967
11/11/21, 0.8004, 0.8012, 0.7937, 0.7951
11/10/21, 0.8039, 0.8073, 0.8000, 0.8006
11/09/21, 0.8036, 0.8047, 0.8008, 0.8040
11/08/21, 0.8029, 0.8043, 0.8021, 0.8035
11/05/21, 0.8028, 0.8043, 0.8012, 0.8027
11/04/21, 0.8071, 0.8081, 0.8017, 0.8028
11/03/21, 0.8058, 0.8076, 0.8026, 0.8069
11/02/21, 0.8084, 0.8086, 0.8047, 0.8058
11/01/21, 0.8071, 0.8096, 0.8062, 0.8085
10/29/21, 0.8100, 0.8112, 0.8058, 0.8071
10/28/21, 0.8091, 0.8110, 0.8075, 0.8099
10/27/21, 0.8071, 0.8129, 0.8043, 0.8091
10/26/21, 0.8076, 0.8097, 0.8066, 0.8070
10/25/21, 0.8086, 0.8105, 0.8064, 0.8074
10/22/21, 0.8085, 0.8116, 0.8070, 0.8083
10/21/21, 0.8115, 0.8138, 0.8074, 0.8085
10/20/21, 0.8086, 0.8125, 0.8084, 0.8117
10/19/21, 0.8078, 0.8123, 0.8075, 0.8088
10/18/21, 0.8079, 0.8097, 0.8057, 0.8078
10/15/21, 0.8083, 0.8106, 0.8065, 0.8087
10/14/21, 0.8037, 0.8095, 0.8032, 0.8085
10/13/21, 0.8021, 0.8045, 0.8012, 0.8036
10/12/21, 0.8021, 0.8021, 0.8021, 0.8021
10/11/21, 0.8017, 0.8034, 0.8004, 0.8012
10/08/21, 0.7968, 0.8032, 0.7960, 0.8020
10/07/21, 0.7942, 0.7974, 0.7936, 0.7967
10/06/21, 0.7947, 0.7953, 0.7905, 0.7944
10/05/21, 0.7943, 0.7972, 0.7917, 0.7948
10/04/21, 0.7905, 0.7964, 0.7902, 0.7944
10/01/21, 0.7886, 0.7920, 0.7850, 0.7905
09/30/21, 0.7839, 0.7918, 0.7834, 0.7886
09/29/21, 0.7882, 0.7894, 0.7827, 0.7840
09/28/21, 0.7919, 0.7942, 0.7869, 0.7882
09/27/21, 0.7918, 0.7930, 0.7890, 0.7918
09/24/21, 0.7900, 0.7912, 0.7854, 0.7905
09/23/21, 0.7829, 0.7916, 0.7814, 0.7903
09/22/21, 0.7799, 0.7876, 0.7792, 0.7829
09/21/21, 0.7798, 0.7849, 0.7782, 0.7799
09/20/21, 0.7831, 0.7844, 0.7754, 0.7799
09/17/21, 0.7883, 0.7914, 0.7826, 0.7832
09/16/21, 0.7914, 0.7926, 0.7873, 0.7884
09/15/21, 0.7878, 0.7923, 0.7867, 0.7917
09/14/21, 0.7908, 0.7936, 0.7874, 0.7878
09/13/21, 0.7879, 0.7913, 0.7875, 0.7907
09/10/21, 0.7895, 0.7948, 0.7876, 0.7878
09/09/21, 0.7878, 0.7923, 0.7856, 0.7896
09/08/21, 0.7907, 0.7921, 0.7835, 0.7879
09/07/21, 0.7977, 0.7988, 0.7901, 0.7906
09/06/21, 0.7983, 0.7990, 0.7961, 0.7978
09/03/21, 0.7966, 0.8004, 0.7961, 0.7982
09/02/21, 0.7923, 0.7970, 0.7912, 0.7965
09/01/21, 0.7924, 0.7950, 0.7913, 0.7924
08/31/21, 0.7932, 0.7956, 0.7902, 0.7927
08/30/21, 0.7921, 0.7954, 0.7914, 0.7932
08/27/21, 0.7882, 0.7934, 0.7868, 0.7923
08/26/21, 0.7942, 0.7946, 0.7876, 0.7883
08/25/21, 0.7941, 0.7946, 0.7909, 0.7943
08/24/21, 0.7903, 0.7952, 0.7897, 0.7944
08/23/21, 0.7802, 0.7912, 0.7786, 0.7907
08/20/21, 0.7796, 0.7805, 0.7722, 0.7798
08/19/21, 0.7796, 0.7796, 0.7796, 0.7796
08/18/21, 0.7917, 0.7938, 0.7896, 0.7900
08/17/21, 0.7953, 0.7957, 0.7905, 0.7916
08/16/21, 0.7953, 0.7953, 0.7953, 0.7953
08/13/21, 0.7983, 0.8001, 0.7976, 0.7991
08/12/21, 0.7996, 0.8001, 0.7978, 0.7983
08/11/21, 0.7985, 0.8008, 0.7968, 0.7996
08/10/21, 0.7948, 0.7989, 0.7942, 0.7988
08/09/21, 0.7960, 0.7982, 0.7944, 0.7951
08/06/21, 0.7994, 0.8004, 0.7947, 0.7965
08/05/21, 0.7974, 0.8017, 0.7967, 0.7996
08/04/21, 0.7975, 0.7991, 0.7960, 0.7975
08/03/21, 0.7995, 0.8008, 0.7951, 0.7976
08/02/21, 0.8014, 0.8031, 0.7989, 0.7996
07/30/21, 0.8033, 0.8050, 0.8004, 0.8018
07/29/21, 0.7983, 0.8044, 0.7976, 0.8034
07/28/21, 0.7934, 0.7990, 0.7932, 0.7984
07/27/21, 0.7970, 0.7976, 0.7933, 0.7935
07/26/21, 0.7958, 0.7983, 0.7942, 0.7971
07/23/21, 0.7961, 0.7965, 0.7931, 0.7958
07/22/21, 0.7963, 0.7982, 0.7939, 0.7960
07/21/21, 0.7885, 0.7983, 0.7854, 0.7962
07/20/21, 0.7840, 0.7891, 0.7820, 0.7886
07/19/21, 0.7927, 0.7934, 0.7810, 0.7845
07/16/21, 0.7939, 0.7963, 0.7923, 0.7927
07/15/21, 0.7994, 0.8000, 0.7927, 0.7939
07/14/21, 0.7993, 0.8047, 0.7983, 0.7992
07/13/21, 0.8028, 0.8038, 0.7974, 0.7991
07/12/21, 0.8031, 0.8035, 0.7990, 0.8029
07/09/21, 0.7978, 0.8037, 0.7963, 0.8034
07/08/21, 0.8012, 0.8015, 0.7942, 0.7979
07/07/21, 0.8026, 0.8052, 0.7987, 0.8011
07/06/21, 0.8102, 0.8129, 0.8003, 0.8027
07/05/21, 0.8119, 0.8119, 0.8082, 0.8102
07/02/21, 0.8039, 0.8125, 0.8031, 0.8113
07/01/21, 0.8065, 0.8088, 0.8034, 0.8041
06/30/21, 0.8062, 0.8095, 0.8048, 0.8066
06/29/21, 0.8105, 0.8109, 0.8062, 0.8064
06/28/21, 0.8105, 0.8105, 0.8105, 0.8105
06/25/21, 0.8113, 0.8151, 0.8108, 0.8132
06/24/21, 0.8126, 0.8142, 0.8102, 0.8115
06/23/21, 0.8126, 0.8163, 0.8110, 0.8124
06/22/21, 0.8087, 0.8129, 0.8062, 0.8125
06/21/21, 0.8029, 0.8095, 0.8008, 0.8090
06/18/21, 0.8088, 0.8106, 0.8012, 0.8022
06/17/21, 0.8145, 0.8156, 0.8079, 0.8089
06/16/21, 0.8207, 0.8226, 0.8140, 0.8146
06/15/21, 0.8233, 0.8245, 0.8193, 0.8205
06/14/21, 0.8222, 0.8246, 0.8216, 0.8233
06/11/21, 0.8267, 0.8278, 0.8211, 0.8225
06/10/21, 0.8257, 0.8286, 0.8247, 0.8267
06/09/21, 0.8256, 0.8295, 0.8250, 0.8256
06/08/21, 0.8277, 0.8284, 0.8252, 0.8255
06/07/21, 0.8276, 0.8295, 0.8258, 0.8276
06/04/21, 0.8260, 0.8286, 0.8241, 0.8273
06/03/21, 0.8298, 0.8313, 0.8250, 0.8260
06/02/21, 0.8283, 0.8314, 0.8269, 0.8309
06/01/21, 0.8289, 0.8329, 0.8278, 0.8284
05/31/21, 0.8282, 0.8302, 0.8269, 0.8288
05/28/21, 0.8288, 0.8291, 0.8250, 0.8282
05/27/21, 0.8250, 0.8295, 0.8235, 0.8287
05/26/21, 0.8287, 0.8304, 0.8244, 0.8247
05/25/21, 0.8302, 0.8315, 0.8278, 0.8287
05/24/21, 0.8287, 0.8306, 0.8274, 0.8302
05/21/21, 0.8293, 0.8316, 0.8267, 0.8286
05/20/21, 0.8243, 0.8300, 0.8234, 0.8292
05/19/21, 0.8288, 0.8295, 0.8234, 0.8241
05/18/21, 0.8287, 0.8326, 0.8276, 0.8287
05/17/21, 0.8257, 0.8293, 0.8239, 0.8286
05/14/21, 0.8223, 0.8278, 0.8210, 0.8261
05/13/21, 0.8240, 0.8262, 0.8194, 0.8223
05/12/21, 0.8263, 0.8300, 0.8237, 0.8242
05/11/21, 0.8264, 0.8278, 0.8246, 0.8262
05/10/21, 0.8241, 0.8279, 0.8237, 0.8261
05/07/21, 0.8235, 0.8247, 0.8201, 0.8242
05/06/21, 0.8153, 0.8234, 0.8137, 0.8231
05/05/21, 0.8123, 0.8163, 0.8119, 0.8151
05/04/21, 0.8145, 0.8147, 0.8095, 0.8124
05/03/21, 0.8137, 0.8153, 0.8117, 0.8145
04/30/21, 0.8141, 0.8153, 0.8115, 0.8136
04/29/21, 0.8122, 0.8147, 0.8113, 0.8143
04/28/21, 0.8065, 0.8124, 0.8053, 0.8121
04/27/21, 0.8066, 0.8074, 0.8052, 0.8065
04/26/21, 0.8013, 0.8076, 0.8005, 0.8067
04/23/21, 0.7995, 0.8025, 0.7993, 0.8015
04/22/21, 0.8001, 0.8018, 0.7976, 0.7995
04/21/21, 0.7931, 0.8027, 0.7903, 0.8000
04/20/21, 0.7980, 0.8014, 0.7921, 0.7930
04/19/21, 0.7996, 0.8019, 0.7971, 0.7979
04/16/21, 0.7972, 0.8004, 0.7961, 0.7995
04/15/21, 0.7984, 0.8016, 0.7963, 0.7972
04/14/21, 0.7978, 0.8001, 0.7951, 0.7987
04/13/21, 0.7959, 0.7983, 0.7919, 0.7977
04/12/21, 0.7980, 0.7984, 0.7952, 0.7960
04/09/21, 0.7960, 0.7984, 0.7929, 0.7981
04/08/21, 0.7931, 0.7964, 0.7919, 0.7960
04/07/21, 0.7955, 0.7959, 0.7914, 0.7932
04/06/21, 0.7984, 0.7990, 0.7946, 0.7955
04/05/21, 0.7951, 0.8001, 0.7939, 0.7985
04/02/21, 0.7970, 0.7983, 0.7948, 0.7951
04/01/21, 0.7960, 0.7973, 0.7934, 0.7971
03/31/21, 0.7916, 0.7975, 0.7913, 0.7960
03/30/21, 0.7916, 0.7916, 0.7916, 0.7916
03/29/21, 0.7928, 0.7954, 0.7919, 0.7943
03/26/21, 0.7928, 0.7961, 0.7927, 0.7950
03/25/21, 0.7949, 0.7969, 0.7918, 0.7928
03/24/21, 0.7944, 0.7973, 0.7931, 0.7947
03/23/21, 0.7985, 0.7990, 0.7938, 0.7943
03/22/21, 0.7985, 0.8018, 0.7961, 0.7985
03/19/21, 0.8009, 0.8025, 0.7968, 0.7999
03/18/21, 0.8060, 0.8087, 0.7982, 0.8008
03/17/21, 0.8034, 0.8065, 0.8004, 0.8061
03/16/21, 0.8018, 0.8042, 0.7999, 0.8035
03/15/21, 0.8014, 0.8038, 0.7991, 0.8017
03/12/21, 0.7979, 0.8025, 0.7953, 0.8015
03/11/21, 0.7925, 0.7987, 0.7920, 0.7980
03/10/21, 0.7913, 0.7931, 0.7883, 0.7924
03/09/21, 0.7894, 0.7943, 0.7882, 0.7911
03/08/21, 0.7894, 0.7894, 0.7894, 0.7894
03/05/21, 0.7895, 0.7907, 0.7851, 0.7901
03/04/21, 0.7901, 0.7952, 0.7877, 0.7894
03/03/21, 0.7917, 0.7943, 0.7900, 0.7900
03/02/21, 0.7917, 0.7917, 0.7917, 0.7917
03/01/21, 0.7848, 0.7911, 0.7848, 0.7908
02/26/21, 0.7934, 0.7944, 0.7842, 0.7849
02/25/21, 0.7992, 0.8021, 0.7926, 0.7933
02/24/21, 0.7945, 0.7996, 0.7937, 0.7991
02/23/21, 0.7927, 0.7950, 0.7906, 0.7944
02/22/21, 0.7928, 0.7948, 0.7902, 0.7924
02/19/21, 0.7886, 0.7940, 0.7864, 0.7925
02/18/21, 0.7874, 0.7895, 0.7855, 0.7888
02/17/21, 0.7882, 0.7883, 0.7845, 0.7873
02/16/21, 0.7911, 0.7931, 0.7872, 0.7881
02/15/21, 0.7875, 0.7917, 0.7875, 0.7913
02/12/21, 0.7871, 0.7889, 0.7834, 0.7877
02/11/21, 0.7874, 0.7900, 0.7866, 0.7871
02/10/21, 0.7872, 0.7895, 0.7866, 0.7874
02/09/21, 0.7851, 0.7883, 0.7833, 0.7880
02/08/21, 0.7843, 0.7855, 0.7823, 0.7850
02/05/21, 0.7795, 0.7840, 0.7791, 0.7840
02/04/21, 0.7821, 0.7827, 0.7784, 0.7798
02/03/21, 0.7823, 0.7836, 0.7805, 0.7822
02/02/21, 0.7780, 0.7824, 0.7770, 0.7824
02/01/21, 0.7824, 0.7836, 0.7773, 0.7778
01/29/21, 0.7795, 0.7850, 0.7766, 0.7827
01/28/21, 0.7813, 0.7822, 0.7763, 0.7793
01/27/21, 0.7879, 0.7883, 0.7798, 0.7809
01/26/21, 0.7850, 0.7882, 0.7823, 0.7876
01/25/21, 0.7851, 0.7883, 0.7825, 0.7846
01/22/21, 0.7914, 0.7915, 0.7845, 0.7852
01/21/21, 0.7913, 0.7942, 0.7906, 0.7912
01/20/21, 0.7853, 0.7933, 0.7844, 0.7915
01/19/21, 0.7837, 0.7865, 0.7834, 0.7852
01/18/21, 0.7862, 0.7862, 0.7813, 0.7837
01/15/21, 0.7914, 0.7915, 0.7833, 0.7851
01/14/21, 0.7876, 0.7922, 0.7866, 0.7910
01/13/21, 0.7865, 0.7886, 0.7844, 0.7876
01/12/21, 0.7823, 0.7870, 0.7817, 0.7866
01/11/21, 0.7884, 0.7884, 0.7790, 0.7822
01/08/21, 0.7880, 0.7900, 0.7846, 0.7879
01/07/21, 0.7888, 0.7897, 0.7853, 0.7880
01/06/21, 0.7893, 0.7918, 0.7859, 0.7889
01/05/21, 0.7825, 0.7902, 0.7816, 0.7892
01/04/21, 0.7849, 0.7896, 0.7813, 0.7826
01/01/21, 0.7855, 0.7866, 0.7840, 0.7855
12/31/20, 0.7837, 0.7866, 0.7831, 0.7852
12/30/20, 0.7801, 0.7843, 0.7795, 0.7843
12/29/20, 0.7772, 0.7825, 0.7772, 0.7802
12/28/20, 0.7768, 0.7804, 0.7765, 0.7784
12/25/20, 0.7772, 0.7808, 0.7732, 0.7768
12/24/20, 0.7784, 0.7804, 0.7763, 0.7772
12/23/20, 0.7745, 0.7792, 0.7742, 0.7784
12/22/20, 0.7779, 0.7786, 0.7731, 0.7747
12/21/20, 0.7819, 0.7821, 0.7719, 0.7777
12/18/20, 0.7858, 0.7863, 0.7813, 0.7821
12/17/20, 0.7847, 0.7883, 0.7842, 0.7861
12/16/20, 0.7873, 0.7882, 0.7818, 0.7847
12/15/20, 0.7833, 0.7887, 0.7829, 0.7874
12/14/20, 0.7826, 0.7862, 0.7818, 0.7834
12/11/20, 0.7849, 0.7863, 0.7816, 0.7830
12/10/20, 0.7802, 0.7870, 0.7793, 0.7849
12/09/20, 0.7802, 0.7833, 0.7792, 0.7801
12/08/20, 0.7816, 0.7833, 0.7796, 0.7801
12/07/20, 0.7820, 0.7829, 0.7792, 0.7813
12/04/20, 0.7773, 0.7830, 0.7766, 0.7822
12/03/20, 0.7741, 0.7781, 0.7726, 0.7774
12/02/20, 0.7730, 0.7745, 0.7716, 0.7741
12/01/20, 0.7692, 0.7734, 0.7687, 0.7731
11/30/20, 0.7694, 0.7738, 0.7685, 0.7688
11/27/20, 0.7681, 0.7709, 0.7677, 0.7696
11/26/20, 0.7689, 0.7700, 0.7678, 0.7682
11/25/20, 0.7693, 0.7702, 0.7674, 0.7688
11/24/20, 0.7643, 0.7696, 0.7639, 0.7693
11/23/20, 0.7637, 0.7665, 0.7625, 0.7641
11/20/20, 0.7650, 0.7669, 0.7634, 0.7637
11/19/20, 0.7643, 0.7661, 0.7620, 0.7651
11/18/20, 0.7630, 0.7672, 0.7622, 0.7642
11/17/20, 0.7649, 0.7654, 0.7624, 0.7631
11/16/20, 0.7610, 0.7654, 0.7609, 0.7650
11/13/20, 0.7609, 0.7624, 0.7591, 0.7614
11/12/20, 0.7655, 0.7661, 0.7604, 0.7610
11/11/20, 0.7672, 0.7689, 0.7646, 0.7655
11/10/20, 0.7687, 0.7702, 0.7661, 0.7672
11/09/20, 0.7677, 0.7736, 0.7660, 0.7688
11/06/20, 0.7665, 0.7681, 0.7635, 0.7659
11/05/20, 0.7614, 0.7675, 0.7588, 0.7665
11/04/20, 0.7615, 0.7635, 0.7519, 0.7613
11/03/20, 0.7566, 0.7632, 0.7555, 0.7611
11/02/20, 0.7503, 0.7568, 0.7479, 0.7564
10/30/20, 0.7503, 0.7530, 0.7491, 0.7507
10/29/20, 0.7507, 0.7532, 0.7467, 0.7504
10/28/20, 0.7507, 0.7507, 0.7507, 0.7507
10/27/20, 0.7567, 0.7611, 0.7567, 0.7584
10/26/20, 0.7618, 0.7622, 0.7561, 0.7569
10/23/20, 0.7612, 0.7630, 0.7598, 0.7618
10/22/20, 0.7606, 0.7621, 0.7588, 0.7611
10/21/20, 0.7606, 0.7606, 0.7606, 0.7606
10/20/20, 0.7581, 0.7631, 0.7573, 0.7615
10/19/20, 0.7582, 0.7605, 0.7562, 0.7580
10/16/20, 0.7561, 0.7590, 0.7553, 0.7581
10/15/20, 0.7604, 0.7609, 0.7541, 0.7560
10/14/20, 0.7611, 0.7624, 0.7597, 0.7604
10/13/20, 0.7626, 0.7634, 0.7605, 0.7611
10/12/20, 0.7621, 0.7633, 0.7608, 0.7625
10/09/20, 0.7578, 0.7629, 0.7573, 0.7623
10/08/20, 0.7544, 0.7580, 0.7533, 0.7578
10/07/20, 0.7511, 0.7546, 0.7494, 0.7543
10/06/20, 0.7543, 0.7551, 0.7509, 0.7510
10/05/20, 0.7511, 0.7544, 0.7511, 0.7542
10/02/20, 0.7525, 0.7531, 0.7500, 0.7514
10/01/20, 0.7506, 0.7538, 0.7502, 0.7524
09/30/20, 0.7467, 0.7519, 0.7450, 0.7506
09/29/20, 0.7480, 0.7490, 0.7451, 0.7468
09/28/20, 0.7470, 0.7490, 0.7460, 0.7478
09/25/20, 0.7484, 0.7498, 0.7451, 0.7470
09/24/20, 0.7470, 0.7504, 0.7452, 0.7483
09/23/20, 0.7517, 0.7522, 0.7470, 0.7470
09/22/20, 0.7516, 0.7529, 0.7492, 0.7517
09/21/20, 0.7572, 0.7592, 0.7507, 0.7515
09/18/20, 0.7595, 0.7613, 0.7570, 0.7573
09/17/20, 0.7588, 0.7605, 0.7548, 0.7595
09/16/20, 0.7584, 0.7619, 0.7574, 0.7588
09/15/20, 0.7590, 0.7614, 0.7574, 0.7583
09/14/20, 0.7588, 0.7603, 0.7577, 0.7589
09/11/20, 0.7579, 0.7604, 0.7571, 0.7588
09/10/20, 0.7606, 0.7624, 0.7574, 0.7581
09/09/20, 0.7554, 0.7608, 0.7541, 0.7606
09/08/20, 0.7634, 0.7641, 0.7553, 0.7554
09/07/20, 0.7654, 0.7663, 0.7623, 0.7634
09/04/20, 0.7618, 0.7667, 0.7609, 0.7655
09/03/20, 0.7664, 0.7669, 0.7597, 0.7619
09/02/20, 0.7653, 0.7671, 0.7635, 0.7665
09/01/20, 0.7663, 0.7696, 0.7641, 0.7654
08/31/20, 0.7638, 0.7681, 0.7630, 0.7664
08/28/20, 0.7617, 0.7665, 0.7614, 0.7635
08/27/20, 0.7609, 0.7633, 0.7594, 0.7617
08/26/20, 0.7591, 0.7615, 0.7572, 0.7608
08/25/20, 0.7565, 0.7595, 0.7552, 0.7592
08/24/20, 0.7588, 0.7614, 0.7553, 0.7566
08/21/20, 0.7582, 0.7601, 0.7555, 0.7589
08/20/20, 0.7567, 0.7595, 0.7550, 0.7583
08/19/20, 0.7593, 0.7614, 0.7559, 0.7565
08/18/20, 0.7567, 0.7604, 0.7557, 0.7594
08/17/20, 0.7542, 0.7581, 0.7510, 0.7567
08/14/20, 0.7561, 0.7573, 0.7534, 0.7538
08/13/20, 0.7549, 0.7581, 0.7541, 0.7562
08/12/20, 0.7549, 0.7549, 0.7549, 0.7549
08/11/20, 0.7490, 0.7537, 0.7483, 0.7519
08/10/20, 0.7472, 0.7501, 0.7465, 0.7490
08/07/20, 0.7514, 0.7529, 0.7462, 0.7472
08/06/20, 0.7538, 0.7550, 0.7506, 0.7513
08/05/20, 0.7508, 0.7557, 0.7500, 0.7537
08/04/20, 0.7468, 0.7510, 0.7450, 0.7507
08/03/20, 0.7456, 0.7474, 0.7433, 0.7466
07/31/20, 0.7450, 0.7480, 0.7439, 0.7457
07/30/20, 0.7499, 0.7500, 0.7429, 0.7450
07/29/20, 0.7474, 0.7500, 0.7469, 0.7498
07/28/20, 0.7488, 0.7501, 0.7459, 0.7474
07/27/20, 0.7488, 0.7488, 0.7488, 0.7488
07/24/20, 0.7457, 0.7477, 0.7437, 0.7454
07/23/20, 0.7453, 0.7491, 0.7447, 0.7457
07/22/20, 0.7430, 0.7463, 0.7416, 0.7454
07/21/20, 0.7388, 0.7449, 0.7385, 0.7430
07/20/20, 0.7363, 0.7394, 0.7352, 0.7389
07/17/20, 0.7366, 0.7375, 0.7358, 0.7363
07/16/20, 0.7402, 0.7408, 0.7363, 0.7367
07/15/20, 0.7344, 0.7405, 0.7342, 0.7402
07/14/20, 0.7347, 0.7355, 0.7327, 0.7343
07/13/20, 0.7359, 0.7387, 0.7330, 0.7348
07/10/20, 0.7361, 0.7367, 0.7335, 0.7355
07/09/20, 0.7399, 0.7413, 0.7355, 0.7361
07/08/20, 0.7351, 0.7411, 0.7339, 0.7400
07/07/20, 0.7386, 0.7394, 0.7346, 0.7350
07/06/20, 0.7374, 0.7397, 0.7370, 0.7385
07/03/20, 0.7373, 0.7383, 0.7347, 0.7381
07/02/20, 0.7373, 0.7373, 0.7373, 0.7373
07/01/20, 0.7360, 0.7360, 0.7360, 0.7360
06/30/20, 0.7321, 0.7369, 0.7298, 0.7367
06/29/20, 0.7300, 0.7328, 0.7296, 0.7320
06/26/20, 0.7333, 0.7339, 0.7290, 0.7305
06/25/20, 0.7333, 0.7350, 0.7315, 0.7332
06/24/20, 0.7379, 0.7392, 0.7330, 0.7333
06/23/20, 0.7396, 0.7416, 0.7368, 0.7379
06/22/20, 0.7349, 0.7398, 0.7336, 0.7396
06/19/20, 0.7352, 0.7382, 0.7343, 0.7347
06/18/20, 0.7371, 0.7397, 0.7343, 0.7352
06/17/20, 0.7386, 0.7401, 0.7356, 0.7373
06/16/20, 0.7386, 0.7386, 0.7386, 0.7386
06/15/20, 0.7359, 0.7381, 0.7306, 0.7367
06/12/20, 0.7338, 0.7393, 0.7317, 0.7359
06/11/20, 0.7457, 0.7464, 0.7335, 0.7336
06/10/20, 0.7453, 0.7510, 0.7441, 0.7457
06/09/20, 0.7472, 0.7485, 0.7413, 0.7454
06/08/20, 0.7444, 0.7488, 0.7441, 0.7471
06/05/20, 0.7407, 0.7468, 0.7399, 0.7450
06/04/20, 0.7410, 0.7426, 0.7385, 0.7408
06/03/20, 0.7398, 0.7419, 0.7368, 0.7410
06/02/20, 0.7368, 0.7418, 0.7360, 0.7397
06/01/20, 0.7261, 0.7376, 0.7231, 0.7368
05/29/20, 0.7266, 0.7295, 0.7225, 0.7262
05/28/20, 0.7271, 0.7286, 0.7248, 0.7265
05/27/20, 0.7259, 0.7289, 0.7230, 0.7277
05/26/20, 0.7152, 0.7274, 0.7145, 0.7259
05/25/20, 0.7145, 0.7163, 0.7135, 0.7152
05/22/20, 0.7165, 0.7178, 0.7113, 0.7145
05/21/20, 0.7194, 0.7202, 0.7154, 0.7166
05/20/20, 0.7172, 0.7215, 0.7159, 0.7193
05/19/20, 0.7172, 0.7172, 0.7172, 0.7172
05/18/20, 0.7087, 0.7180, 0.7080, 0.7180
05/15/20, 0.7117, 0.7138, 0.7079, 0.7088
05/14/20, 0.7091, 0.7130, 0.7068, 0.7117
05/13/20, 0.7103, 0.7144, 0.7080, 0.7091
05/12/20, 0.7140, 0.7161, 0.7098, 0.7103
05/11/20, 0.7145, 0.7199, 0.7117, 0.7139
05/08/20, 0.7157, 0.7193, 0.7144, 0.7181
05/07/20, 0.7068, 0.7171, 0.7051, 0.7155
05/06/20, 0.7120, 0.7136, 0.7059, 0.7069
05/05/20, 0.7098, 0.7142, 0.7090, 0.7120
05/04/20, 0.7039, 0.7121, 0.7039, 0.7099
05/01/20, 0.7171, 0.7183, 0.7083, 0.7098
04/30/20, 0.7204, 0.7224, 0.7160, 0.7177
04/29/20, 0.7145, 0.7211, 0.7136, 0.7204
04/28/20, 0.7125, 0.7180, 0.7103, 0.7143
04/27/20, 0.7093, 0.7133, 0.7079, 0.7126
04/24/20, 0.7106, 0.7134, 0.7079, 0.7094
04/23/20, 0.7061, 0.7145, 0.7038, 0.7106
04/22/20, 0.7032, 0.7089, 0.7019, 0.7061
04/21/20, 0.7067, 0.7090, 0.7006, 0.7037
04/20/20, 0.7141, 0.7141, 0.7063, 0.7067
04/17/20, 0.7099, 0.7145, 0.7079, 0.7142
04/16/20, 0.7085, 0.7115, 0.7047, 0.7098
04/15/20, 0.7204, 0.7210, 0.7072, 0.7080
04/14/20, 0.7192, 0.7218, 0.7177, 0.7204
04/13/20, 0.7166, 0.7222, 0.7138, 0.7192
04/10/20, 0.7156, 0.7175, 0.7134, 0.7167
04/09/20, 0.7142, 0.7182, 0.7100, 0.7157
04/08/20, 0.7146, 0.7154, 0.7098, 0.7138
04/07/20, 0.7086, 0.7174, 0.7070, 0.7151
04/06/20, 0.7040, 0.7102, 0.7007, 0.7088
04/03/20, 0.7073, 0.7099, 0.7025, 0.7040
04/02/20, 0.7048, 0.7106, 0.6994, 0.7073
04/01/20, 0.7110, 0.7115, 0.7002, 0.7046
03/31/20, 0.7061, 0.7142, 0.6964, 0.7110
03/30/20, 0.7131, 0.7145, 0.7046, 0.7061
03/27/20, 0.7132, 0.7188, 0.7066, 0.7151
03/26/20, 0.7047, 0.7142, 0.7001, 0.7133
03/25/20, 0.6914, 0.7055, 0.6904, 0.7047
03/24/20, 0.6898, 0.6961, 0.6877, 0.6909
03/23/20, 0.6961, 0.6976, 0.6869, 0.6899
03/20/20, 0.6891, 0.7072, 0.6876, 0.6962
03/19/20, 0.6894, 0.6937, 0.6813, 0.6892
03/18/20, 0.7042, 0.7064, 0.6825, 0.6896
03/17/20, 0.7134, 0.7167, 0.7007, 0.7041
03/16/20, 0.7194, 0.7287, 0.7130, 0.7135
03/13/20, 0.7182, 0.7257, 0.7142, 0.7244
03/12/20, 0.7257, 0.7296, 0.7159, 0.7181
03/11/20, 0.7285, 0.7314, 0.7247, 0.7258
03/10/20, 0.7298, 0.7352, 0.7246, 0.7285
03/09/20, 0.7447, 0.7447, 0.7268, 0.7299
03/06/20, 0.7455, 0.7478, 0.7437, 0.7456
03/05/20, 0.7471, 0.7477, 0.7436, 0.7456
03/04/20, 0.7470, 0.7506, 0.7440, 0.7470
03/03/20, 0.7504, 0.7512, 0.7463, 0.7471
03/02/20, 0.7454, 0.7515, 0.7436, 0.7505
02/28/20, 0.7467, 0.7479, 0.7423, 0.7478
02/27/20, 0.7500, 0.7514, 0.7462, 0.7468
02/26/20, 0.7530, 0.7539, 0.7494, 0.7500
02/25/20, 0.7521, 0.7541, 0.7511, 0.7531
02/24/20, 0.7562, 0.7562, 0.7510, 0.7522
02/21/20, 0.7541, 0.7579, 0.7532, 0.7563
02/20/20, 0.7563, 0.7574, 0.7532, 0.7537
02/19/20, 0.7542, 0.7571, 0.7536, 0.7569
02/18/20, 0.7557, 0.7562, 0.7526, 0.7541
02/17/20, 0.7547, 0.7566, 0.7540, 0.7556
02/14/20, 0.7541, 0.7560, 0.7531, 0.7547
02/13/20, 0.7546, 0.7557, 0.7530, 0.7544
02/12/20, 0.7526, 0.7560, 0.7516, 0.7547
02/11/20, 0.7508, 0.7536, 0.7503, 0.7525
02/10/20, 0.7515, 0.7530, 0.7498, 0.7509
02/07/20, 0.7528, 0.7533, 0.7504, 0.7515
02/06/20, 0.7530, 0.7540, 0.7513, 0.7527
02/05/20, 0.7532, 0.7544, 0.7512, 0.7534
02/04/20, 0.7526, 0.7544, 0.7513, 0.7533
02/03/20, 0.7555, 0.7562, 0.7512, 0.7527
01/31/20, 0.7571, 0.7583, 0.7541, 0.7555
01/30/20, 0.7577, 0.7586, 0.7556, 0.7570
01/29/20, 0.7601, 0.7606, 0.7565, 0.7577
01/28/20, 0.7579, 0.7608, 0.7567, 0.7601
01/27/20, 0.7605, 0.7611, 0.7572, 0.7579
01/24/20, 0.7618, 0.7626, 0.7598, 0.7608
01/23/20, 0.7614, 0.7625, 0.7587, 0.7617
01/22/20, 0.7651, 0.7676, 0.7598, 0.7613
01/21/20, 0.7659, 0.7671, 0.7640, 0.7651
01/20/20, 0.7653, 0.7671, 0.7645, 0.7664
01/17/20, 0.7668, 0.7677, 0.7643, 0.7653
01/16/20, 0.7667, 0.7678, 0.7655, 0.7667
01/15/20, 0.7656, 0.7676, 0.7641, 0.7668
01/14/20, 0.7659, 0.7669, 0.7641, 0.7656
01/13/20, 0.7661, 0.7677, 0.7648, 0.7658
01/10/20, 0.7659, 0.7677, 0.7643, 0.7662
01/09/20, 0.7669, 0.7682, 0.7627, 0.7655
01/08/20, 0.7689, 0.7711, 0.7662, 0.7669
01/07/20, 0.7712, 0.7722, 0.7670, 0.7690
01/06/20, 0.7698, 0.7720, 0.7693, 0.7712
01/03/20, 0.7701, 0.7719, 0.7683, 0.7691
01/02/20, 0.7699, 0.7716, 0.7683, 0.7707
01/01/20, 0.7697, 0.7726, 0.7669, 0.7699